<?xml version="1.0" encoding="UTF-8"?>

<Bundle xmlns="http://hl7.org/fhir">
  <id value="fd7d7ca9-fe59-4b31-b997-bf1e1476ea2d"/>
  <meta>
    <lastUpdated value="2022-04-08T19:05:18.762+00:00"/>
  </meta>
  <type value="collection"/>
  <entry>
    <fullUrl value="http://example.org/my-dataset/fhir/valueset/demographics-table"/>
    <resource>
      <ValueSet>
        <id value="datatable-valueset-1"/>
        <text>
          <status value="generated"/>
          <div xmlns="http://www.w3.org/1999/xhtml">
            <p>This value set contains 5 concepts</p>
            <p style="border: black 1px dotted; background-color: #EEEEEE; padding: 8px; margin-bottom: 8px">Expansion based on 
              <a href="CodeSystem-datatable-codesystem-1.html">Datatable CodeSystem (lists all variables) v0.1.0 (CodeSystem)</a>
            </p>
            <p>All codes in this table are from the system 
              <a href="CodeSystem-datatable-codesystem-1.html">
                <code>http://example.org/my-dataset/fhir/codesystem/demographics-table</code>
              </a>
            </p>
            <table class="codes">
              <tr>
                <td style="white-space:nowrap">
                  <b>Code</b>
                </td>
                <td>
                  <b>Display</b>
                </td>
              </tr>
              <tr>
                <td style="white-space:nowrap">
                  <a name="http---example.org-my-dataset-fhir-codesystem-demographics-table-subjectid"> </a>  
                  <a href="CodeSystem-datatable-codesystem-1.html#datatable-codesystem-1-subjectid">subjectid</a>
                </td>
                <td>Subject's Unique Identifier</td>
              </tr>
              <tr>
                <td style="white-space:nowrap">
                  <a name="http---example.org-my-dataset-fhir-codesystem-demographics-table-gender"> </a>  
                  <a href="CodeSystem-datatable-codesystem-1.html#datatable-codesystem-1-gender">gender</a>
                </td>
                <td>Gender</td>
              </tr>
              <tr>
                <td style="white-space:nowrap">
                  <a name="http---example.org-my-dataset-fhir-codesystem-demographics-table-age-at-enrollment"> </a>  
                  <a href="CodeSystem-datatable-codesystem-1.html#datatable-codesystem-1-age_at_enrollment">age_at_enrollment</a>
                </td>
                <td>Subject's Age at Enrollment in days</td>
              </tr>
              <tr>
                <td style="white-space:nowrap">
                  <a name="http---example.org-my-dataset-fhir-codesystem-demographics-table-bmi"> </a>  
                  <a href="CodeSystem-datatable-codesystem-1.html#datatable-codesystem-1-bmi">bmi</a>
                </td>
                <td>Subject's BMI, Measured at Enrollment</td>
              </tr>
              <tr>
                <td style="white-space:nowrap">
                  <a name="http---example.org-my-dataset-fhir-codesystem-demographics-table-status"> </a>  
                  <a href="CodeSystem-datatable-codesystem-1.html#datatable-codesystem-1-status">status</a>
                </td>
                <td>Subject's status (Case or Control)</td>
              </tr>
            </table>
          </div>
        </text>
        <url value="http://example.org/my-dataset/fhir/valueset/demographics-table"/>
        <version value="0.1.0"/>
        <name value="ExampleStudyTableVS1"/>
        <title value="Table ValueSet"/>
        <status value="draft"/>
        <date value="2022-04-08T19:05:18+00:00"/>
        <publisher value="NCPI FHIR Working Group"/>
        <contact>
          <name value="NCPI FHIR Working Group"/>
          <telecom>
            <system value="url"/>
            <value value="https://github.com/include-dcc"/>
          </telecom>
        </contact>
        <contact>
          <name value="Eric Torstenson"/>
          <telecom>
            <system value="email"/>
            <value value="eric.s.torstenson@vumc.org"/>
            <use value="work"/>
          </telecom>
        </contact>
        <description value="Example Data Table with 4 variables"/>
        <expansion>
          <identifier value="urn:uuid:0ca0e6dc-0a91-434a-87d3-5d5b63994e09"/>
          <timestamp value="2022-04-08T19:05:36+00:00"/>
          <total value="5"/>
          <parameter>
            <name value="excludeNested"/>
            <valueBoolean value="false"/>
          </parameter>
          <parameter>
            <name value="version"/>
            <valueUri value="http://example.org/my-dataset/fhir/codesystem/demographics-table|0.1.0"/>
          </parameter>
          <contains>
            <system value="http://example.org/my-dataset/fhir/codesystem/demographics-table"/>
            <code value="subjectid"/>
            <display value="Subject's Unique Identifier"/>
          </contains>
          <contains>
            <system value="http://example.org/my-dataset/fhir/codesystem/demographics-table"/>
            <code value="gender"/>
            <display value="Gender"/>
          </contains>
          <contains>
            <system value="http://example.org/my-dataset/fhir/codesystem/demographics-table"/>
            <code value="age_at_enrollment"/>
            <display value="Subject's Age at Enrollment in days"/>
          </contains>
          <contains>
            <system value="http://example.org/my-dataset/fhir/codesystem/demographics-table"/>
            <code value="bmi"/>
            <display value="Subject's BMI, Measured at Enrollment"/>
          </contains>
          <contains>
            <system value="http://example.org/my-dataset/fhir/codesystem/demographics-table"/>
            <code value="status"/>
            <display value="Subject's status (Case or Control)"/>
          </contains>
        </expansion>
      </ValueSet>
    </resource>
  </entry>
</Bundle>