<?xml version="1.0" encoding="UTF-8"?>

<ActivityDefinition xmlns="http://hl7.org/fhir">
  <id value="example-study-dd-table-1"/>
  <meta>
    <profile value="https://ncpi-fhir.github.io/ncpi-fhir-study-summary-ig/StructureDefinition/study-dd-table"/>
  </meta>
  <text>
    <status value="generated"/><div xmlns="http://www.w3.org/1999/xhtml"><p><b>Generated Narrative</b></p><div style="display: inline-block; background-color: #d9e0e7; padding: 6px; margin: 4px; border: 1px solid #8da1b4; border-radius: 5px; line-height: 60%"><p style="margin-bottom: 0px">Resource "example-study-dd-table-1" </p><p style="margin-bottom: 0px">Profile: <a href="StructureDefinition-study-dd-table.html">NCPI Study DD Data Table</a></p></div><p><b>url</b>: <code>http://example.org/my-dataset/fhir/codesystem/demographics-table</code></p><p><b>version</b>: 0.1.0</p><p><b>status</b>: active</p><p><b>date</b>: 2022-04-26 05:19:32+0000</p><p><b>publisher</b>: NCPI FHIR Working Group</p><p><b>contact</b>: NCPI FHIR Working Group: <a href="https://github.com/include-dcc">https://github.com/include-dcc</a>, Eric Torstenson: <a href="mailto:eric.s.torstenson@vumc.org">eric.s.torstenson@vumc.org</a></p><p><b>topic</b>: Research <span style="background: LightGoldenRodYellow; margin: 4px; border: 1px solid khaki"> (umls#C0035168)</span></p><p><b>code</b>: Demographic data <span style="background: LightGoldenRodYellow; margin: 4px; border: 1px solid khaki"> (<a href="CodeSystem-dataset-codesystem-1.html">Dataset CodeSystem (lists all tables)</a>#demographics)</span></p><p><b>observationResultRequirement</b>: </p><ul><li><a href="ObservationDefinition-example-study-dd-variable-1-1.html">ObservationDefinition/example-study-dd-variable-1-1</a></li><li><a href="ObservationDefinition-example-study-dd-variable-1-2.html">ObservationDefinition/example-study-dd-variable-1-2</a></li><li><a href="ObservationDefinition-example-study-dd-variable-1-3.html">ObservationDefinition/example-study-dd-variable-1-3</a></li><li><a href="ObservationDefinition-example-study-dd-variable-1-4.html">ObservationDefinition/example-study-dd-variable-1-4</a></li></ul></div>
  </text>
  <url value="http://example.org/my-dataset/fhir/codesystem/demographics-table"/>
  <version value="0.1.0"/>
  <status value="active"/>
  <date value="2022-04-26T17:19:32+00:00"/>
  <publisher value="NCPI FHIR Working Group"/>
  <contact>
    <name value="NCPI FHIR Working Group"/>
    <telecom>
      <system value="url"/>
      <value value="https://github.com/include-dcc"/>
    </telecom>
  </contact>
  <contact>
    <name value="Eric Torstenson"/>
    <telecom>
      <system value="email"/>
      <value value="eric.s.torstenson@vumc.org"/>
      <use value="work"/>
    </telecom>
  </contact>
  <topic>
    <coding>
      <system value="https://uts.nlm.nih.gov/uts/umls"/>
      <code value="C0035168"/>
      <display value="Research"/>
    </coding>
  </topic>
  <code>
    <coding>
      <system value="http://example.org/my-dataset/fhir/codesystem/dataset"/>
      <code value="demographics"/>
      <display value="Demographic data"/>
    </coding>
  </code>
  <observationResultRequirement>
    <reference value="ObservationDefinition/example-study-dd-variable-1-1"/>
  </observationResultRequirement>
  <observationResultRequirement>
    <reference value="ObservationDefinition/example-study-dd-variable-1-2"/>
  </observationResultRequirement>
  <observationResultRequirement>
    <reference value="ObservationDefinition/example-study-dd-variable-1-3"/>
  </observationResultRequirement>
  <observationResultRequirement>
    <reference value="ObservationDefinition/example-study-dd-variable-1-4"/>
  </observationResultRequirement>
</ActivityDefinition>