<?xml version="1.0" encoding="UTF-8"?>

<CodeSystem xmlns="http://hl7.org/fhir">
  <id value="dataset-codesystem-1"/>
  <text>
    <status value="generated"/><div xmlns="http://www.w3.org/1999/xhtml"><p>This code system http://example.org/my-dataset/fhir/codesystem/dataset defines the following codes:</p><table class="codes"><tr><td style="white-space:nowrap"><b>Code</b></td></tr><tr><td style="white-space:nowrap">demographics<a name="dataset-codesystem-1-demographics"> </a></td></tr></table></div>
  </text>
  <url value="http://example.org/my-dataset/fhir/codesystem/dataset"/>
  <version value="0.1.0"/>
  <name value="ExampleStudyDatasetCS1"/>
  <title value="Dataset CodeSystem (lists all tables)"/>
  <status value="active"/>
  <date value="2022-04-11T21:19:53+00:00"/>
  <publisher value="NCPI FHIR Working Group"/>
  <contact>
    <name value="NCPI FHIR Working Group"/>
    <telecom>
      <system value="url"/>
      <value value="https://github.com/include-dcc"/>
    </telecom>
  </contact>
  <contact>
    <name value="Eric Torstenson"/>
    <telecom>
      <system value="email"/>
      <value value="eric.s.torstenson@vumc.org"/>
      <use value="work"/>
    </telecom>
  </contact>
  <description value="Example Dataset with 1 table and 4 variables"/>
  <content value="complete"/>
  <count value="1"/>
  <concept>
    <code value="demographics"/>
  </concept>
</CodeSystem>