<?xml version="1.0" encoding="UTF-8"?>

<ConceptMap xmlns="http://hl7.org/fhir">
  <id value="example-study-dd-conceptmap-1"/>
  <text>
    <status value="extensions"/><div xmlns="http://www.w3.org/1999/xhtml"><h2>null (http://example.org/my-dataset/fhir/conceptmap/data-to-public)</h2><p>Mapping from <a href="ValueSet-datatable-valueset-1.html">http://example.org/my-dataset/fhir/valueset/demographics-table</a> to <a href="ValueSet-datatable-mappings-valueset-1.html">http://example.org/my-dataset/fhir/valueset/mappings</a></p><p>ACTIVE. Published on 2022-04-08 05:59:36+0000 by NCPI FHIR Working Group (NCPI FHIR Working Group: <a href="https://github.com/include-dcc">https://github.com/include-dcc</a>, Eric Torstenson: <a href="mailto:eric.s.torstenson@vumc.org">eric.s.torstenson@vumc.org</a>). </p><br/><table class="grid"><tr><td><b>Source Code</b></td><td><b>Relationship</b></td><td><b>Destination Code</b></td></tr><tr><td colspan="3">Mapping from <a href="CodeSystem-datatable-codesystem-1.html">Datatable CodeSystem (lists all variables)</a> to <code>https://uts.nlm.nih.gov/uts/umls</code></td></tr><tr><td>subjectid (Subject's Unique Identifier)</td><td><a href="http://hl7.org/fhir/R4/codesystem-concept-map-equivalence.html#equivalent">is equivalent to</a></td><td>C2348584 (Subject Unique Identifier)</td></tr><tr><td>gender</td><td><a href="http://hl7.org/fhir/R4/codesystem-concept-map-equivalence.html#equivalent">is equivalent to</a></td><td>C0079399 (Gender)</td></tr><tr><td>age_at_enrollment (Subject's Age at Enrollment in days)</td><td><a href="http://hl7.org/fhir/R4/codesystem-concept-map-equivalence.html#equivalent">is equivalent to</a></td><td>C168843 (Age in Days at Enrollment)</td></tr><tr><td>bmi (Subject's BMI, Measured at Enrollment)</td><td><a href="http://hl7.org/fhir/R4/codesystem-concept-map-equivalence.html#equivalent">is equivalent to</a></td><td>C1305855 (Body mass index)</td></tr><tr><td>status (Subject's status (Case or Control))</td><td><a href="http://hl7.org/fhir/R4/codesystem-concept-map-equivalence.html#equivalent">is equivalent to</a></td><td>C0872128 (case control)</td></tr></table><table class="grid"><tr><td><b>Source Code</b></td><td><b>Relationship</b></td><td><b>Destination Code</b></td></tr><tr><td colspan="3">Mapping from <a href="CodeSystem-datatable-codesystem-1.html">Datatable CodeSystem (lists all variables)</a> to <a href="http://terminology.hl7.org/3.1.0/CodeSystem-v3-loinc.html">Logical Observation Identifiers, Names and Codes (LOINC)</a></td></tr><tr><td>bmi (Subject's BMI, Measured at Enrollment)</td><td><a href="http://hl7.org/fhir/R4/codesystem-concept-map-equivalence.html#equivalent">is equivalent to</a></td><td>LP35925-4 (Body mass index (BMI))</td></tr></table><table class="grid"><tr><td><b>Source Code</b></td><td><b>Relationship</b></td><td><b>Destination Code</b></td></tr><tr><td colspan="3">Mapping from <a href="CodeSystem-datatable-codesystem-1.html">Datatable CodeSystem (lists all variables)</a> to <code>http://purl.obolibrary.org/obo/hp.owl</code></td></tr><tr><td>status (Subject's status (Case or Control))</td><td><a href="http://hl7.org/fhir/R4/codesystem-concept-map-equivalence.html#equivalent">is equivalent to</a></td><td>0010772 (Anomalous pulmonary venous return)</td></tr></table><table class="grid"><tr><td colspan="2"><b>Source Concept Details</b></td><td><b>Relationship</b></td><td colspan="2"><b>Destination Concept Details</b></td></tr><tr><td colspan="2"><b>Code</b> from <a href="CodeSystem-datatable-codesystem-1.html" title="http://example.org/my-dataset/fhir/codesystem/demographics-table">Datatable CodeSystem (lists all variables)</a></td><td/><td colspan="2"><b>Code</b> from http://purl.obolibrary.org/obo/mondo.owl</td></tr><tr><td style="border-right-width: 0px; border-bottom-style: none">status</td><td style="border-left-width: 0px; border-bottom-style: none">Subject's status (Case or Control)</td><td><a href="http://hl7.org/fhir/R4/codesystem-concept-map-equivalence.html#equivalent">is equivalent to</a></td><td style="border-right-width: 0px">0017705</td><td style="border-left-width: 0px">congenital pulmonary venous return anomaly</td></tr><tr><td style="border-right-width: 0px; border-top-style: none"/><td style="border-top-style: none; border-left-width: 0px"/><td><a href="http://hl7.org/fhir/R4/codesystem-concept-map-equivalence.html#equivalent">is equivalent to</a></td><td style="border-right-width: 0px">0007130</td><td style="border-left-width: 0px">congenital total pulmonary venous return anomaly</td></tr></table></div>
  </text>
  <url value="http://example.org/my-dataset/fhir/conceptmap/data-to-public"/>
  <version value="0.1.0"/>
  <status value="active"/>
  <date value="2022-04-08T17:59:36+00:00"/>
  <publisher value="NCPI FHIR Working Group"/>
  <contact>
    <name value="NCPI FHIR Working Group"/>
    <telecom>
      <system value="url"/>
      <value value="https://github.com/include-dcc"/>
    </telecom>
  </contact>
  <contact>
    <name value="Eric Torstenson"/>
    <telecom>
      <system value="email"/>
      <value value="eric.s.torstenson@vumc.org"/>
      <use value="work"/>
    </telecom>
  </contact>
  <purpose value="Represent transformations to public codes applied during data ingestion"/>
  <sourceUri value="http://example.org/my-dataset/fhir/valueset/demographics-table"/>
  <targetUri value="http://example.org/my-dataset/fhir/valueset/mappings"/>
  <group>
    <source value="http://example.org/my-dataset/fhir/codesystem/demographics-table"/>
    <target value="https://uts.nlm.nih.gov/uts/umls"/>
    <element>
      <code value="subjectid"/>
      <display value="Subject's Unique Identifier"/>
      <target>
        <code value="C2348584"/>
        <display value="Subject Unique Identifier"/>
        <equivalence value="equivalent"/>
      </target>
    </element>
    <element>
      <code value="gender"/>
      <display value="Gender"/>
      <target>
        <code value="C0079399"/>
        <display value="Gender"/>
        <equivalence value="equivalent"/>
      </target>
    </element>
    <element>
      <code value="age_at_enrollment"/>
      <display value="Subject's Age at Enrollment in days"/>
      <target>
        <code value="C168843"/>
        <display value="Age in Days at Enrollment"/>
        <equivalence value="equivalent"/>
      </target>
    </element>
    <element>
      <code value="bmi"/>
      <display value="Subject's BMI, Measured at Enrollment"/>
      <target>
        <code value="C1305855"/>
        <display value="Body mass index"/>
        <equivalence value="equivalent"/>
      </target>
    </element>
    <element>
      <code value="status"/>
      <display value="Subject's status (Case or Control)"/>
      <target>
        <code value="C0872128"/>
        <display value="case control"/>
        <equivalence value="equivalent"/>
      </target>
    </element>
  </group>
  <group>
    <source value="http://example.org/my-dataset/fhir/codesystem/demographics-table"/>
    <target value="http://loinc.org"/>
    <element>
      <code value="bmi"/>
      <display value="Subject's BMI, Measured at Enrollment"/>
      <target>
        <code value="LP35925-4"/>
        <display value="Body mass index (BMI)"/>
        <equivalence value="equivalent"/>
      </target>
    </element>
  </group>
  <group>
    <source value="http://example.org/my-dataset/fhir/codesystem/demographics-table"/>
    <target value="http://purl.obolibrary.org/obo/hp.owl"/>
    <element>
      <code value="status"/>
      <display value="Subject's status (Case or Control)"/>
      <target>
        <code value="0010772"/>
        <display value="Anomalous pulmonary venous return"/>
        <equivalence value="equivalent"/>
      </target>
    </element>
  </group>
  <group>
    <source value="http://example.org/my-dataset/fhir/codesystem/demographics-table"/>
    <target value="http://purl.obolibrary.org/obo/mondo.owl"/>
    <element>
      <code value="status"/>
      <display value="Subject's status (Case or Control)"/>
      <target>
        <code value="0017705"/>
        <display value="congenital pulmonary venous return anomaly"/>
        <equivalence value="equivalent"/>
      </target>
      <target>
        <code value="0007130"/>
        <display value="congenital total pulmonary venous return anomaly"/>
        <equivalence value="equivalent"/>
      </target>
    </element>
  </group>
</ConceptMap>