<?xml version="1.0" encoding="UTF-8"?>

<Group xmlns="http://hl7.org/fhir">
  <id value="example-summary-group-1"/>
  <text>
    <status value="generated"/><div xmlns="http://www.w3.org/1999/xhtml"><p><b>Generated Narrative</b></p><div style="display: inline-block; background-color: #d9e0e7; padding: 6px; margin: 4px; border: 1px solid #8da1b4; border-radius: 5px; line-height: 60%"><p style="margin-bottom: 0px">Resource "example-summary-group-1" </p></div><p><b>type</b>: person</p><p><b>actual</b>: true</p><p><b>quantity</b>: 4</p><blockquote><p><b>member</b></p><p><b>entity</b>: <a href="Patient-example-sum-patient-1.html">Patient/example-sum-patient-1</a></p></blockquote><blockquote><p><b>member</b></p><p><b>entity</b>: <a href="Patient-example-sum-patient-2.html">Patient/example-sum-patient-2</a></p></blockquote><blockquote><p><b>member</b></p><p><b>entity</b>: <a href="Patient-example-sum-patient-3.html">Patient/example-sum-patient-3</a></p></blockquote><blockquote><p><b>member</b></p><p><b>entity</b>: <a href="Patient-example-sum-patient-4.html">Patient/example-sum-patient-4</a></p></blockquote></div>
  </text>
  <type value="person"/>
  <actual value="true"/>
  <quantity value="4"/>
  <member>
    <entity>
      <reference value="Patient/example-sum-patient-1"/>
    </entity>
  </member>
  <member>
    <entity>
      <reference value="Patient/example-sum-patient-2"/>
    </entity>
  </member>
  <member>
    <entity>
      <reference value="Patient/example-sum-patient-3"/>
    </entity>
  </member>
  <member>
    <entity>
      <reference value="Patient/example-sum-patient-4"/>
    </entity>
  </member>
</Group>