<?xml version="1.0" encoding="UTF-8"?>

<ObservationDefinition xmlns="http://hl7.org/fhir">
  <id value="example-study-dd-variable-1-1"/>
  <meta>
    <profile value="https://ncpi-fhir.github.io/ncpi-fhir-study-summary-ig/StructureDefinition/study-dd-variable"/>
  </meta>
  <text>
    <status value="generated"/><div xmlns="http://www.w3.org/1999/xhtml"><p><b>Generated Narrative</b></p><div style="display: inline-block; background-color: #d9e0e7; padding: 6px; margin: 4px; border: 1px solid #8da1b4; border-radius: 5px; line-height: 60%"><p style="margin-bottom: 0px">Resource "example-study-dd-variable-1-1" </p><p style="margin-bottom: 0px">Profile: <a href="StructureDefinition-study-dd-variable.html">NCPI Study DD Data Variable</a></p></div><p><b>code</b>: Subject's Unique Identifier <span style="background: LightGoldenRodYellow; margin: 4px; border: 1px solid khaki"> (<a href="CodeSystem-datatable-codesystem-1.html">Datatable CodeSystem (lists all variables)</a>#subjectid)</span></p><p><b>permittedDataType</b>: string</p></div>
  </text>
  <code>
    <coding>
      <system value="http://example.org/my-dataset/fhir/codesystem/demographics-table"/>
      <code value="subjectid"/>
    </coding>
  </code>
  <permittedDataType value="string"/>
</ObservationDefinition>