<?xml version="1.0" encoding="UTF-8"?>

<ValueSet xmlns="http://hl7.org/fhir">
  <id value="datatable-valueset-1"/>
  <text>
    <status value="generated"/><div xmlns="http://www.w3.org/1999/xhtml"><ul><li>Include all codes defined in <a href="CodeSystem-datatable-codesystem-1.html"><code>http://example.org/my-dataset/fhir/codesystem/demographics-table</code></a></li></ul></div>
  </text>
  <url value="http://example.org/my-dataset/fhir/valueset/demographics-table"/>
  <version value="0.1.0"/>
  <name value="ExampleStudyTableVS1"/>
  <title value="Table ValueSet"/>
  <status value="draft"/>
  <date value="2022-04-11T21:19:53+00:00"/>
  <publisher value="NCPI FHIR Working Group"/>
  <contact>
    <name value="NCPI FHIR Working Group"/>
    <telecom>
      <system value="url"/>
      <value value="https://github.com/include-dcc"/>
    </telecom>
  </contact>
  <contact>
    <name value="Eric Torstenson"/>
    <telecom>
      <system value="email"/>
      <value value="eric.s.torstenson@vumc.org"/>
      <use value="work"/>
    </telecom>
  </contact>
  <description value="Example Data Table with 4 variables"/>
  <compose>
    <include>
      <system value="http://example.org/my-dataset/fhir/codesystem/demographics-table"/>
    </include>
  </compose>
</ValueSet>