<?xml version="1.0" encoding="UTF-8"?><ActivityDefinition xmlns="http://hl7.org/fhir"><id value="example-study-dd-table-1"/><meta><profile value="https://ncpi-fhir.github.io/ncpi-fhir-study-summary-ig/StructureDefinition/study-dd-table"/></meta><url value="https://ncpi-fhir.github.io/ncpi-fhir-study-summary-ig/ActivityDefinition/example-study-dd-table-1"/><version value="0.1.0"/><status value="active"/><date value="2022-04-07T22:04:54+00:00"/><publisher value="NCPI FHIR Working Group"/><contact><name value="NCPI FHIR Working Group"/><telecom><system value="url"/><value value="https://github.com/include-dcc"/></telecom></contact><contact><name value="Eric Torstenson"/><telecom><system value="email"/><value value="eric.s.torstenson@vumc.org"/><use value="work"/></telecom></contact><topic><coding><system value="https://uts.nlm.nih.gov/uts/umls"/><code value="C0035168"/><display value="Research"/></coding></topic><code><coding><system value="http://example.org/my-dataset/fhir/codesystem/dataset"/><code value="demographics"/><display value="Demographic data"/></coding></code><observationResultRequirement><reference value="ObservationDefinition/example-study-dd-variable-1-1"/></observationResultRequirement><observationResultRequirement><reference value="ObservationDefinition/example-study-dd-variable-1-2"/></observationResultRequirement><observationResultRequirement><reference value="ObservationDefinition/example-study-dd-variable-1-3"/></observationResultRequirement><observationResultRequirement><reference value="ObservationDefinition/example-study-dd-variable-1-4"/></observationResultRequirement></ActivityDefinition>