<?xml version="1.0" encoding="UTF-8"?><ImplementationGuide xmlns="http://hl7.org/fhir"><id value="NCPI-FHIR-Study-Summary-IG"/><text><status value="extensions"/><div xmlns="http://www.w3.org/1999/xhtml"><h2>NCPIFHIRStudySummaryIG</h2><p>The official URL for this implementation guide is: </p><pre>https://ncpi-fhir.github.io/ncpi-fhir-study-summary-ig/ImplementationGuide/NCPI-FHIR-Study-Summary-IG</pre><div><p>FHIR Implementation Guide for NCPI Study Summary Metadata</p>
</div></div></text><url value="https://ncpi-fhir.github.io/ncpi-fhir-study-summary-ig/ImplementationGuide/NCPI-FHIR-Study-Summary-IG"/><version value="0.1.0"/><name value="NCPIFHIRStudySummaryIG"/><title value="NCPI FHIR Study Summary IG"/><status value="draft"/><date value="2022-04-26T17:20:41+00:00"/><publisher value="NCPI FHIR Working Group"/><contact><name value="NCPI FHIR Working Group"/><telecom><system value="url"/><value value="https://github.com/include-dcc"/></telecom></contact><contact><name value="Eric Torstenson"/><telecom><system value="email"/><value value="eric.s.torstenson@vumc.org"/><use value="work"/></telecom></contact><description value="FHIR Implementation Guide for NCPI Study Summary Metadata"/><packageId value="NCPI-FHIR-Study-Summary-IG"/><license value="CC0-1.0"/><fhirVersion value="4.0.1"/><dependsOn id="hl7_fhir_us_core"><uri value="http://hl7.org/fhir/us/core/ImplementationGuide/hl7.fhir.us.core"/><packageId value="hl7.fhir.us.core"/><version value="3.1.1"/></dependsOn><definition><extension url="http://hl7.org/fhir/tools/StructureDefinition/ig-parameter"><extension url="code"><valueString value="copyrightyear"/></extension><extension url="value"><valueString value="2021+"/></extension></extension><extension url="http://hl7.org/fhir/tools/StructureDefinition/ig-parameter"><extension url="code"><valueString value="releaselabel"/></extension><extension url="value"><valueString value="ci-build"/></extension></extension><extension url="http://hl7.org/fhir/tools/StructureDefinition/ig-parameter"><extension url="code"><valueString value="path-liquid"/></extension><extension url="value"><valueString value="template/liquid"/></extension></extension><extension url="http://hl7.org/fhir/tools/StructureDefinition/ig-parameter"><extension url="code"><valueString value="path-liquid"/></extension><extension url="value"><valueString value="input/liquid"/></extension></extension><extension url="http://hl7.org/fhir/tools/StructureDefinition/ig-parameter"><extension url="code"><valueString value="path-qa"/></extension><extension url="value"><valueString value="temp/qa"/></extension></extension><extension url="http://hl7.org/fhir/tools/StructureDefinition/ig-parameter"><extension url="code"><valueString value="path-temp"/></extension><extension url="value"><valueString value="temp/pages"/></extension></extension><extension url="http://hl7.org/fhir/tools/StructureDefinition/ig-parameter"><extension url="code"><valueString value="path-output"/></extension><extension url="value"><valueString value="output"/></extension></extension><extension url="http://hl7.org/fhir/tools/StructureDefinition/ig-parameter"><extension url="code"><valueString value="path-suppressed-warnings"/></extension><extension url="value"><valueString value="input/ignoreWarnings.txt"/></extension></extension><extension url="http://hl7.org/fhir/tools/StructureDefinition/ig-parameter"><extension url="code"><valueString value="path-history"/></extension><extension url="value"><valueString value="https://ncpi-fhir.github.io/ncpi-fhir-study-summary-ig/history.html"/></extension></extension><extension url="http://hl7.org/fhir/tools/StructureDefinition/ig-parameter"><extension url="code"><valueString value="template-html"/></extension><extension url="value"><valueString value="template-page.html"/></extension></extension><extension url="http://hl7.org/fhir/tools/StructureDefinition/ig-parameter"><extension url="code"><valueString value="template-md"/></extension><extension url="value"><valueString value="template-page-md.html"/></extension></extension><extension url="http://hl7.org/fhir/tools/StructureDefinition/ig-parameter"><extension url="code"><valueString value="apply-contact"/></extension><extension url="value"><valueString value="true"/></extension></extension><extension url="http://hl7.org/fhir/tools/StructureDefinition/ig-parameter"><extension url="code"><valueString value="apply-context"/></extension><extension url="value"><valueString value="true"/></extension></extension><extension url="http://hl7.org/fhir/tools/StructureDefinition/ig-parameter"><extension url="code"><valueString value="apply-copyright"/></extension><extension url="value"><valueString value="true"/></extension></extension><extension url="http://hl7.org/fhir/tools/StructureDefinition/ig-parameter"><extension url="code"><valueString value="apply-jurisdiction"/></extension><extension url="value"><valueString value="true"/></extension></extension><extension url="http://hl7.org/fhir/tools/StructureDefinition/ig-parameter"><extension url="code"><valueString value="apply-license"/></extension><extension url="value"><valueString value="true"/></extension></extension><extension url="http://hl7.org/fhir/tools/StructureDefinition/ig-parameter"><extension url="code"><valueString value="apply-publisher"/></extension><extension url="value"><valueString value="true"/></extension></extension><extension url="http://hl7.org/fhir/tools/StructureDefinition/ig-parameter"><extension url="code"><valueString value="apply-version"/></extension><extension url="value"><valueString value="true"/></extension></extension><extension url="http://hl7.org/fhir/tools/StructureDefinition/ig-parameter"><extension url="code"><valueString value="active-tables"/></extension><extension url="value"><valueString value="true"/></extension></extension><extension url="http://hl7.org/fhir/tools/StructureDefinition/ig-parameter"><extension url="code"><valueString value="fmm-definition"/></extension><extension url="value"><valueString value="http://hl7.org/fhir/versions.html#maturity"/></extension></extension><extension url="http://hl7.org/fhir/tools/StructureDefinition/ig-parameter"><extension url="code"><valueString value="propagate-status"/></extension><extension url="value"><valueString value="true"/></extension></extension><extension url="http://hl7.org/fhir/tools/StructureDefinition/ig-parameter"><extension url="code"><valueString value="excludelogbinaryformat"/></extension><extension url="value"><valueString value="true"/></extension></extension><grouping id="-str-profile"><name value="Structures: Resource Profiles"/><description value="These define constraints on FHIR resources for systems conforming to this implementation guide"/></grouping><grouping id="-term-valueset"><name value="Terminology: Value Sets"/><description value="These define sets of codes used by systems conforming to this implementation guide"/></grouping><grouping id="-term-codesystem"><name value="Terminology: Code Systems"/><description value="These define new code systems used by systems conforming to this implementation guide"/></grouping><grouping id="-ex-example"><name value="Example: Example Instances"/><description value="These are example instances that show what data produced and consumed by systems conforming with this implementation guide might look like"/></grouping><resource><extension url="http://hl7.org/fhir/StructureDefinition/implementationguide-page"><valueUri value="StructureDefinition-harmonization-map.html"/></extension><reference><reference value="StructureDefinition/harmonization-map"/></reference><name value="Harmonization Map"/><description value="A ConceptMap which captures the mappings from the study's variable names to their public ontological mappings"/><exampleBoolean value="false"/><groupingId value="-str-profile"/></resource><resource><extension url="http://hl7.org/fhir/StructureDefinition/implementationguide-page"><valueUri value="StructureDefinition-study-dd-table.html"/></extension><reference><reference value="StructureDefinition/study-dd-table"/></reference><name value="NCPI Study DD Data Table"/><description value="Aggregates Variable Details associated with a single dataset table that are represented in FHIR"/><exampleBoolean value="false"/><groupingId value="-str-profile"/></resource><resource><extension url="http://hl7.org/fhir/StructureDefinition/implementationguide-page"><valueUri value="StructureDefinition-study-dd-variable.html"/></extension><reference><reference value="StructureDefinition/study-dd-variable"/></reference><name value="NCPI Study DD Data Variable"/><description value="Describes a single variable from the dataset"/><exampleBoolean value="false"/><groupingId value="-str-profile"/></resource><resource><extension url="http://hl7.org/fhir/StructureDefinition/implementationguide-page"><valueUri value="StructureDefinition-study-summary.html"/></extension><reference><reference value="StructureDefinition/study-summary"/></reference><name value="Study Summary"/><description value="An observation containing summary data associated with research data from FHIR&#xA;&#xA;The code _MUST_ indicate that it is a summary and the subject _MUST_ point to the group of &#xA;participants if the summary doesn't pertain to the entire study. &#xA;&#xA;The StudySummary _MUST_ reference a study in the focus. &#xA;&#xA;&#xA;"/><exampleBoolean value="false"/><groupingId value="-str-profile"/></resource><resource><extension url="http://hl7.org/fhir/StructureDefinition/implementationguide-page"><valueUri value="StructureDefinition-study-summary-group.html"/></extension><reference><reference value="StructureDefinition/study-summary-group"/></reference><name value="NCPI Summary Group"/><description value="Represent a group of research subjects, either the entire study's population or a subgroup such as an individual consent group"/><exampleBoolean value="false"/><groupingId value="-str-profile"/></resource><resource><extension url="http://hl7.org/fhir/StructureDefinition/implementationguide-page"><valueUri value="StructureDefinition-summary-research-study.html"/></extension><reference><reference value="StructureDefinition/summary-research-study"/></reference><name value="NCPI Summary Study"/><description value="Represent a research study within the context of summary/metadata."/><exampleBoolean value="false"/><groupingId value="-str-profile"/></resource><resource><extension url="http://hl7.org/fhir/StructureDefinition/implementationguide-page"><valueUri value="StructureDefinition-variable-summary.html"/></extension><reference><reference value="StructureDefinition/variable-summary"/></reference><name value="Variable Summary"/><description value="An observation containing summary data associated with research data from FHIR&#xA;&#xA;The code _MUST_ indicate that it is a summary and the subject _MUST_ point to the group of &#xA;participants to which the observation is based on.&#xA;"/><exampleBoolean value="false"/><groupingId value="-str-profile"/></resource><resource><extension url="http://hl7.org/fhir/StructureDefinition/implementationguide-page"><valueUri value="ValueSet-example-case-control-vs-1.html"/></extension><reference><reference value="ValueSet/example-case-control-vs-1"/></reference><name value="Case/Control Vars for 'status' categoricals"/><description value="Example Case/Control values"/><exampleBoolean value="false"/><groupingId value="-term-valueset"/></resource><resource><extension url="http://hl7.org/fhir/StructureDefinition/implementationguide-page"><valueUri value="ValueSet-datatable-mappings-valueset-1.html"/></extension><reference><reference value="ValueSet/datatable-mappings-valueset-1"/></reference><name value="Harmonized ValueSet for data table"/><description value="Public codes mapped from example dataset&#xA;&#xA;The codes used below were chosen purely for example's sake and are in no way an endorsement or suggestion for terms that should be used in a real data-dictionary."/><exampleBoolean value="false"/><groupingId value="-term-valueset"/></resource><resource><extension url="http://hl7.org/fhir/StructureDefinition/implementationguide-page"><valueUri value="ValueSet-datatable-valueset-1.html"/></extension><reference><reference value="ValueSet/datatable-valueset-1"/></reference><name value="Table ValueSet"/><description value="Example Data Table with 4 variables"/><exampleBoolean value="false"/><groupingId value="-term-valueset"/></resource><resource><extension url="http://hl7.org/fhir/StructureDefinition/implementationguide-page"><valueUri value="CodeSystem-dataset-codesystem-1.html"/></extension><reference><reference value="CodeSystem/dataset-codesystem-1"/></reference><name value="Dataset CodeSystem (lists all tables)"/><description value="Example Dataset with 1 table and 4 variables"/><exampleBoolean value="false"/><groupingId value="-term-codesystem"/></resource><resource><extension url="http://hl7.org/fhir/StructureDefinition/implementationguide-page"><valueUri value="CodeSystem-datatable-codesystem-1.html"/></extension><reference><reference value="CodeSystem/datatable-codesystem-1"/></reference><name value="Datatable CodeSystem (lists all variables)"/><description value="Example Data Table with 4 variables"/><exampleBoolean value="false"/><groupingId value="-term-codesystem"/></resource><resource><extension url="http://hl7.org/fhir/StructureDefinition/implementationguide-page"><valueUri value="CodeSystem-ncpi.html"/></extension><reference><reference value="CodeSystem/ncpi"/></reference><name value="NCPI FHIR Codes"/><description value="Codes that would apply to NCPI projects"/><exampleBoolean value="false"/><groupingId value="-term-codesystem"/></resource><resource><extension url="http://hl7.org/fhir/StructureDefinition/implementationguide-page"><valueUri value="Observation-anvil-summary-cmg.html"/></extension><reference><reference value="Observation/anvil-summary-cmg"/></reference><name value="Summary detail for Center for Mendelian Genomics"/><description value="Summary detail for Center for Mendelian Genomics"/><exampleCanonical value="https://ncpi-fhir.github.io/ncpi-fhir-study-summary-ig/StructureDefinition/study-summary"/><groupingId value="-ex-example"/></resource><resource><extension url="http://hl7.org/fhir/StructureDefinition/implementationguide-page"><valueUri value="Observation-anvil-summary-phs000711.html"/></extension><reference><reference value="Observation/anvil-summary-phs000711"/></reference><name value="Baylor Hopkins Center for Mendelian Genomics (BH CMG)"/><description value="Baylor Hopkins Center for Mendelian Genomics (BH CMG)"/><exampleCanonical value="https://ncpi-fhir.github.io/ncpi-fhir-study-summary-ig/StructureDefinition/study-summary"/><groupingId value="-ex-example"/></resource><resource><extension url="http://hl7.org/fhir/StructureDefinition/implementationguide-page"><valueUri value="Condition-example-rl-condition-1.html"/></extension><reference><reference value="Condition/example-rl-condition-1"/></reference><name value="Example row-level Condition linking back to variable from DD"/><description value="This is an example of linking an otherwise standard FHIR Condition back to it's source variable using the value's Code as one of the code.codings"/><exampleBoolean value="true"/><groupingId value="-ex-example"/></resource><resource><extension url="http://hl7.org/fhir/StructureDefinition/implementationguide-page"><valueUri value="Observation-example-rl-observation-1.html"/></extension><reference><reference value="Observation/example-rl-observation-1"/></reference><name value="Example row-level Observation linking back to variable from the DD"/><description value="This is an otherwise ordinary Observation except for a few extra bits linking the observation back to its variable from the data-dictionary. In addition to a meaningful public term for the code, we can also provide the code associated with the variable in which the data was found. "/><exampleBoolean value="true"/><groupingId value="-ex-example"/></resource><resource><extension url="http://hl7.org/fhir/StructureDefinition/implementationguide-page"><valueUri value="ConceptMap-example-study-dd-conceptmap-1.html"/></extension><reference><reference value="ConceptMap/example-study-dd-conceptmap-1"/></reference><name value="Concept Map showing representing harmonization mappings"/><description value="Data Harmonization for example dataset"/><exampleCanonical value="https://ncpi-fhir.github.io/ncpi-fhir-study-summary-ig/StructureDefinition/harmonization-map"/><groupingId value="-ex-example"/></resource><resource><extension url="http://hl7.org/fhir/StructureDefinition/implementationguide-page"><valueUri value="ActivityDefinition-example-study-dd-table-1.html"/></extension><reference><reference value="ActivityDefinition/example-study-dd-table-1"/></reference><name value="Data-Dictionary Table"/><description value="Example Data Table definition"/><exampleCanonical value="https://ncpi-fhir.github.io/ncpi-fhir-study-summary-ig/StructureDefinition/study-dd-table"/><groupingId value="-ex-example"/></resource><resource><extension url="http://hl7.org/fhir/StructureDefinition/implementationguide-page"><valueUri value="ObservationDefinition-example-study-dd-variable-1-1.html"/></extension><reference><reference value="ObservationDefinition/example-study-dd-variable-1-1"/></reference><name value="DD Variable subjectid"/><description value="Participant's Unique Identifier (example of simple variable)"/><exampleCanonical value="https://ncpi-fhir.github.io/ncpi-fhir-study-summary-ig/StructureDefinition/study-dd-variable"/><groupingId value="-ex-example"/></resource><resource><extension url="http://hl7.org/fhir/StructureDefinition/implementationguide-page"><valueUri value="ObservationDefinition-example-study-dd-variable-1-2.html"/></extension><reference><reference value="ObservationDefinition/example-study-dd-variable-1-2"/></reference><name value="DD Variable gender"/><description value="Subject's gender"/><exampleCanonical value="https://ncpi-fhir.github.io/ncpi-fhir-study-summary-ig/StructureDefinition/study-dd-variable"/><groupingId value="-ex-example"/></resource><resource><extension url="http://hl7.org/fhir/StructureDefinition/implementationguide-page"><valueUri value="ObservationDefinition-example-study-dd-variable-1-3.html"/></extension><reference><reference value="ObservationDefinition/example-study-dd-variable-1-3"/></reference><name value="DD Variable age_at_enrollment"/><description value="Subject's Age at Enrollment (Example with a range of 30-40 years of age)"/><exampleCanonical value="https://ncpi-fhir.github.io/ncpi-fhir-study-summary-ig/StructureDefinition/study-dd-variable"/><groupingId value="-ex-example"/></resource><resource><extension url="http://hl7.org/fhir/StructureDefinition/implementationguide-page"><valueUri value="ObservationDefinition-example-study-dd-variable-1-4.html"/></extension><reference><reference value="ObservationDefinition/example-study-dd-variable-1-4"/></reference><name value="DD Variable bmi"/><description value="Subject's BMI at Enrollment"/><exampleCanonical value="https://ncpi-fhir.github.io/ncpi-fhir-study-summary-ig/StructureDefinition/study-dd-variable"/><groupingId value="-ex-example"/></resource><resource><extension url="http://hl7.org/fhir/StructureDefinition/implementationguide-page"><valueUri value="ObservationDefinition-example-study-dd-variable-1-5.html"/></extension><reference><reference value="ObservationDefinition/example-study-dd-variable-1-5"/></reference><name value="DD Variable status"/><description value="Subject's Case/Control Status"/><exampleCanonical value="https://ncpi-fhir.github.io/ncpi-fhir-study-summary-ig/StructureDefinition/study-dd-variable"/><groupingId value="-ex-example"/></resource><resource><extension url="http://hl7.org/fhir/StructureDefinition/implementationguide-page"><valueUri value="Patient-example-sum-patient-1.html"/></extension><reference><reference value="Patient/example-sum-patient-1"/></reference><name value="Example Patient 1"/><description value="A Patient with a small number of observations"/><exampleBoolean value="true"/><groupingId value="-ex-example"/></resource><resource><extension url="http://hl7.org/fhir/StructureDefinition/implementationguide-page"><valueUri value="Observation-example-summary-gender.html"/></extension><reference><reference value="Observation/example-summary-gender"/></reference><name value="Example Variable Summary with categories (gender)"/><description value="Simple example of a VariableSummary using components to capture counts of different categories (male, female and missing)"/><exampleCanonical value="https://ncpi-fhir.github.io/ncpi-fhir-study-summary-ig/StructureDefinition/variable-summary"/><groupingId value="-ex-example"/></resource><resource><extension url="http://hl7.org/fhir/StructureDefinition/implementationguide-page"><valueUri value="Group-example-summary-group-1.html"/></extension><reference><reference value="Group/example-summary-group-1"/></reference><name value="Example Group for Summary Results"/><description value="We only have a single patient"/><exampleCanonical value="https://ncpi-fhir.github.io/ncpi-fhir-study-summary-ig/StructureDefinition/study-summary-group"/><groupingId value="-ex-example"/></resource><resource><extension url="http://hl7.org/fhir/StructureDefinition/implementationguide-page"><valueUri value="ResearchStudy-research-study-cmg.html"/></extension><reference><reference value="ResearchStudy/research-study-cmg"/></reference><name value="Center for Mendelian Genomics (CMG)"/><description value="Center for Mendelian Genomics (CMG) - An example of a Multi-Center Study"/><exampleCanonical value="https://ncpi-fhir.github.io/ncpi-fhir-study-summary-ig/StructureDefinition/summary-research-study"/><groupingId value="-ex-example"/></resource><resource><extension url="http://hl7.org/fhir/StructureDefinition/implementationguide-page"><valueUri value="ResearchStudy-research-study-phs000711.html"/></extension><reference><reference value="ResearchStudy/research-study-phs000711"/></reference><name value="Baylor Hopkings Center CMG"/><description value="Baylor Hopkins Center for Mendelian Genomics (BH CMG) - Example Research Study representing a Specific study under the CMG umbrella"/><exampleCanonical value="https://ncpi-fhir.github.io/ncpi-fhir-study-summary-ig/StructureDefinition/summary-research-study"/><groupingId value="-ex-example"/></resource><page><nameUrl value="toc.html"/><title value="Table of Contents"/><generation value="html"/><page><nameUrl value="index.html"/><title value="Home"/><generation value="markdown"/></page><page><nameUrl value="data-dictionary.html"/><title value="Data Dictionary"/><generation value="markdown"/></page><page><nameUrl value="downloads.html"/><title value="Downloads"/><generation value="markdown"/></page><page><nameUrl value="harmonization.html"/><title value="Harmonization"/><generation value="markdown"/></page><page><nameUrl value="row_level_data.html"/><title value="Row Level Data"/><generation value="markdown"/></page><page><nameUrl value="StructureDefinition-study-dd-variable-note.html"/><title value="Structure Definition Study Dd Variable Note"/><generation value="markdown"/></page><page><nameUrl value="summary_data.html"/><title value="Summary Data"/><generation value="markdown"/></page><page><nameUrl value="artifacts.html"/><title value="Artifacts Summary"/><generation value="html"/><page><nameUrl value="StructureDefinition-harmonization-map.html"/><title value="Harmonization Map"/><generation value="generated"/></page><page><nameUrl value="StructureDefinition-study-dd-table.html"/><title value="NCPI Study DD Data Table"/><generation value="generated"/></page><page><nameUrl value="StructureDefinition-study-dd-variable.html"/><title value="NCPI Study DD Data Variable"/><generation value="generated"/></page><page><nameUrl value="StructureDefinition-study-summary.html"/><title value="Study Summary"/><generation value="generated"/></page><page><nameUrl value="StructureDefinition-study-summary-group.html"/><title value="NCPI Summary Group"/><generation value="generated"/></page><page><nameUrl value="StructureDefinition-summary-research-study.html"/><title value="NCPI Summary Study"/><generation value="generated"/></page><page><nameUrl value="StructureDefinition-variable-summary.html"/><title value="Variable Summary"/><generation value="generated"/></page><page><nameUrl value="ValueSet-example-case-control-vs-1.html"/><title value="Case/Control Vars for 'status' categoricals"/><generation value="generated"/></page><page><nameUrl value="ValueSet-datatable-mappings-valueset-1.html"/><title value="Harmonized ValueSet for data table"/><generation value="generated"/></page><page><nameUrl value="ValueSet-datatable-valueset-1.html"/><title value="Table ValueSet"/><generation value="generated"/></page><page><nameUrl value="CodeSystem-dataset-codesystem-1.html"/><title value="Dataset CodeSystem (lists all tables)"/><generation value="generated"/></page><page><nameUrl value="CodeSystem-datatable-codesystem-1.html"/><title value="Datatable CodeSystem (lists all variables)"/><generation value="generated"/></page><page><nameUrl value="CodeSystem-ncpi.html"/><title value="NCPI FHIR Codes"/><generation value="generated"/></page><page><nameUrl value="Observation-anvil-summary-cmg.html"/><title value="Summary detail for Center for Mendelian Genomics"/><generation value="generated"/></page><page><nameUrl value="Observation-anvil-summary-phs000711.html"/><title value="Baylor Hopkins Center for Mendelian Genomics (BH CMG)"/><generation value="generated"/></page><page><nameUrl value="Condition-example-rl-condition-1.html"/><title value="Example row-level Condition linking back to variable from DD"/><generation value="generated"/></page><page><nameUrl value="Observation-example-rl-observation-1.html"/><title value="Example row-level Observation linking back to variable from the DD"/><generation value="generated"/></page><page><nameUrl value="ConceptMap-example-study-dd-conceptmap-1.html"/><title value="Concept Map showing representing harmonization mappings"/><generation value="generated"/></page><page><nameUrl value="ActivityDefinition-example-study-dd-table-1.html"/><title value="Data-Dictionary Table"/><generation value="generated"/></page><page><nameUrl value="ObservationDefinition-example-study-dd-variable-1-1.html"/><title value="DD Variable subjectid"/><generation value="generated"/></page><page><nameUrl value="ObservationDefinition-example-study-dd-variable-1-2.html"/><title value="DD Variable gender"/><generation value="generated"/></page><page><nameUrl value="ObservationDefinition-example-study-dd-variable-1-3.html"/><title value="DD Variable age_at_enrollment"/><generation value="generated"/></page><page><nameUrl value="ObservationDefinition-example-study-dd-variable-1-4.html"/><title value="DD Variable bmi"/><generation value="generated"/></page><page><nameUrl value="ObservationDefinition-example-study-dd-variable-1-5.html"/><title value="DD Variable status"/><generation value="generated"/></page><page><nameUrl value="Patient-example-sum-patient-1.html"/><title value="Example Patient 1"/><generation value="generated"/></page><page><nameUrl value="Observation-example-summary-gender.html"/><title value="Example Variable Summary with categories (gender)"/><generation value="generated"/></page><page><nameUrl value="Group-example-summary-group-1.html"/><title value="Example Group for Summary Results"/><generation value="generated"/></page><page><nameUrl value="ResearchStudy-research-study-cmg.html"/><title value="Center for Mendelian Genomics (CMG)"/><generation value="generated"/></page><page><nameUrl value="ResearchStudy-research-study-phs000711.html"/><title value="Baylor Hopkings Center CMG"/><generation value="generated"/></page></page></page><parameter><code value="path-resource"/><value value="input/capabilities"/></parameter><parameter><code value="path-resource"/><value value="input/examples"/></parameter><parameter><code value="path-resource"/><value value="input/extensions"/></parameter><parameter><code value="path-resource"/><value value="input/models"/></parameter><parameter><code value="path-resource"/><value value="input/operations"/></parameter><parameter><code value="path-resource"/><value value="input/profiles"/></parameter><parameter><code value="path-resource"/><value value="input/resources"/></parameter><parameter><code value="path-resource"/><value value="input/vocabulary"/></parameter><parameter><code value="path-resource"/><value value="input/maps"/></parameter><parameter><code value="path-resource"/><value value="input/testing"/></parameter><parameter><code value="path-resource"/><value value="input/history"/></parameter><parameter><code value="path-resource"/><value value="fsh-generated/resources"/></parameter><parameter><code value="path-pages"/><value value="template/config"/></parameter><parameter><code value="path-pages"/><value value="input/images"/></parameter><parameter><code value="path-tx-cache"/><value value="input-cache/txcache"/></parameter></definition></ImplementationGuide>