<?xml version="1.0" encoding="UTF-8"?>

<Condition xmlns="http://hl7.org/fhir">
  <id value="example-rl-condition-1"/>
  <text>
    <status value="generated"/><div xmlns="http://www.w3.org/1999/xhtml"><p><b>Generated Narrative</b></p><div style="display: inline-block; background-color: #d9e0e7; padding: 6px; margin: 4px; border: 1px solid #8da1b4; border-radius: 5px; line-height: 60%"><p style="margin-bottom: 0px">Resource "example-rl-condition-1" </p></div><p><b>verificationStatus</b>: Confirmed <span style="background: LightGoldenRodYellow; margin: 4px; border: 1px solid khaki"> (<a href="http://terminology.hl7.org/3.1.0/CodeSystem-condition-ver-status.html">ConditionVerificationStatus</a>#confirmed)</span></p><p><b>category</b>: encounter-diagnosis <span style="background: LightGoldenRodYellow; margin: 4px; border: 1px solid khaki"> ([not stated]#encounter-diagnosis)</span></p><p><b>code</b>: Anomalous pulmonary venous return <span style="background: LightGoldenRodYellow; margin: 4px; border: 1px solid khaki"> (hp.owl#0010772; mondo.owl#0017705 "congenital pulmonary venous return anomaly"; mondo.owl#0007130 "congenital total pulmonary venous return anomaly"; <a href="CodeSystem-datatable-codesystem-1.html">Datatable CodeSystem (lists all variables)</a>#status "Subject's status (Case or Control)")</span></p><p><b>subject</b>: <a href="Patient-example-sum-patient-1.html">Patient/example-sum-patient-1</a></p><p><b>note</b>: This is an example of linking an otherwise standard FHIR Condition back to it's source variable using the value's Code as one of the code.codings</p></div>
  </text>
  <verificationStatus>
    <coding>
      <system value="http://terminology.hl7.org/CodeSystem/condition-ver-status"/>
      <code value="confirmed"/>
    </coding>
  </verificationStatus>
  <category>
    <coding>
      <code value="encounter-diagnosis"/>
    </coding>
  </category>
  <code>
    <coding>
      <system value="http://purl.obolibrary.org/obo/hp.owl"/>
      <code value="0010772"/>
      <display value="Anomalous pulmonary venous return"/>
    </coding>
    <coding>
      <system value="http://purl.obolibrary.org/obo/mondo.owl"/>
      <code value="0017705"/>
      <display value="congenital pulmonary venous return anomaly"/>
    </coding>
    <coding>
      <system value="http://purl.obolibrary.org/obo/mondo.owl"/>
      <code value="0007130"/>
      <display value="congenital total pulmonary venous return anomaly"/>
    </coding>
    <coding>
      <system value="http://example.org/my-dataset/fhir/codesystem/demographics-table"/>
      <code value="status"/>
      <display value="Subject's status (Case or Control)"/>
    </coding>
  </code>
  <subject>
    <reference value="Patient/example-sum-patient-1"/>
  </subject>
  <note>
    <text value="This is an example of linking an otherwise standard FHIR Condition back to it's source variable using the value's Code as one of the code.codings"/>
  </note>
</Condition>