{
  "resourceType" : "Bundle",
  "id" : "43cff2f6-67c1-4dc7-a150-c59f042c57d6",
  "meta" : {
    "lastUpdated" : "2022-04-08T19:04:52.793+00:00"
  },
  "type" : "collection",
  "entry" : [{
    "fullUrl" : "http://example.org/my-dataset/fhir/valueset/demographics-table",
    "resource" : {
      "resourceType" : "ValueSet",
      "id" : "datatable-valueset-1",
      "text" : {
        "status" : "generated",
        "div" : "<div xmlns=\"http://www.w3.org/1999/xhtml\"><p>This value set contains 5 concepts</p><p style=\"border: black 1px dotted; background-color: #EEEEEE; padding: 8px; margin-bottom: 8px\">Expansion based on <a href=\"CodeSystem-datatable-codesystem-1.html\">Datatable CodeSystem (lists all variables) v0.1.0 (CodeSystem)</a></p><p>All codes in this table are from the system <a href=\"CodeSystem-datatable-codesystem-1.html\"><code>http://example.org/my-dataset/fhir/codesystem/demographics-table</code></a></p><table class=\"codes\"><tr><td style=\"white-space:nowrap\"><b>Code</b></td><td><b>Display</b></td></tr><tr><td style=\"white-space:nowrap\"><a name=\"http---example.org-my-dataset-fhir-codesystem-demographics-table-subjectid\"> </a>  <a href=\"CodeSystem-datatable-codesystem-1.html#datatable-codesystem-1-subjectid\">subjectid</a></td><td>Subject's Unique Identifier</td></tr><tr><td style=\"white-space:nowrap\"><a name=\"http---example.org-my-dataset-fhir-codesystem-demographics-table-gender\"> </a>  <a href=\"CodeSystem-datatable-codesystem-1.html#datatable-codesystem-1-gender\">gender</a></td><td>Gender</td></tr><tr><td style=\"white-space:nowrap\"><a name=\"http---example.org-my-dataset-fhir-codesystem-demographics-table-age-at-enrollment\"> </a>  <a href=\"CodeSystem-datatable-codesystem-1.html#datatable-codesystem-1-age_at_enrollment\">age_at_enrollment</a></td><td>Subject's Age at Enrollment in days</td></tr><tr><td style=\"white-space:nowrap\"><a name=\"http---example.org-my-dataset-fhir-codesystem-demographics-table-bmi\"> </a>  <a href=\"CodeSystem-datatable-codesystem-1.html#datatable-codesystem-1-bmi\">bmi</a></td><td>Subject's BMI, Measured at Enrollment</td></tr><tr><td style=\"white-space:nowrap\"><a name=\"http---example.org-my-dataset-fhir-codesystem-demographics-table-status\"> </a>  <a href=\"CodeSystem-datatable-codesystem-1.html#datatable-codesystem-1-status\">status</a></td><td>Subject's status (Case or Control)</td></tr></table></div>"
      },
      "url" : "http://example.org/my-dataset/fhir/valueset/demographics-table",
      "version" : "0.1.0",
      "name" : "ExampleStudyTableVS1",
      "title" : "Table ValueSet",
      "status" : "draft",
      "date" : "2022-04-08T19:04:52+00:00",
      "publisher" : "NCPI FHIR Working Group",
      "contact" : [{
        "name" : "NCPI FHIR Working Group",
        "telecom" : [{
          "system" : "url",
          "value" : "https://github.com/include-dcc"
        }]
      },
      {
        "name" : "Eric Torstenson",
        "telecom" : [{
          "system" : "email",
          "value" : "eric.s.torstenson@vumc.org",
          "use" : "work"
        }]
      }],
      "description" : "Example Data Table with 4 variables",
      "expansion" : {
        "identifier" : "urn:uuid:59babbc6-6acb-468e-ae91-fd9912be276c",
        "timestamp" : "2022-04-08T19:05:09+00:00",
        "total" : 5,
        "parameter" : [{
          "name" : "excludeNested",
          "valueBoolean" : false
        },
        {
          "name" : "version",
          "valueUri" : "http://example.org/my-dataset/fhir/codesystem/demographics-table|0.1.0"
        }],
        "contains" : [{
          "system" : "http://example.org/my-dataset/fhir/codesystem/demographics-table",
          "code" : "subjectid",
          "display" : "Subject's Unique Identifier"
        },
        {
          "system" : "http://example.org/my-dataset/fhir/codesystem/demographics-table",
          "code" : "gender",
          "display" : "Gender"
        },
        {
          "system" : "http://example.org/my-dataset/fhir/codesystem/demographics-table",
          "code" : "age_at_enrollment",
          "display" : "Subject's Age at Enrollment in days"
        },
        {
          "system" : "http://example.org/my-dataset/fhir/codesystem/demographics-table",
          "code" : "bmi",
          "display" : "Subject's BMI, Measured at Enrollment"
        },
        {
          "system" : "http://example.org/my-dataset/fhir/codesystem/demographics-table",
          "code" : "status",
          "display" : "Subject's status (Case or Control)"
        }]
      }
    }
  }]
}