{
  "resourceType": "ImplementationGuide",
  "id": "NCPI-FHIR-Study-Summary-IG",
  "text": {
    "status": "extensions",
    "div": "<div xmlns=\"http://www.w3.org/1999/xhtml\"><h2>NCPIFHIRStudySummaryIG</h2><p>The official URL for this implementation guide is: </p><pre>https://ncpi-fhir.github.io/ncpi-fhir-study-summary-ig/ImplementationGuide/NCPI-FHIR-Study-Summary-IG</pre><div><p>FHIR Implementation Guide for NCPI Study Summary Metadata</p>\n</div></div>"
  },
  "url": "https://ncpi-fhir.github.io/ncpi-fhir-study-summary-ig/ImplementationGuide/NCPI-FHIR-Study-Summary-IG",
  "version": "0.1.0",
  "name": "NCPIFHIRStudySummaryIG",
  "title": "NCPI FHIR Study Summary IG",
  "status": "draft",
  "date": "2022-04-08T17:59:36+00:00",
  "publisher": "NCPI FHIR Working Group",
  "contact": [
    {
      "name": "NCPI FHIR Working Group",
      "telecom": [
        {
          "system": "url",
          "value": "https://github.com/include-dcc"
        }
      ]
    },
    {
      "name": "Eric Torstenson",
      "telecom": [
        {
          "system": "email",
          "value": "eric.s.torstenson@vumc.org",
          "use": "work"
        }
      ]
    }
  ],
  "description": "FHIR Implementation Guide for NCPI Study Summary Metadata",
  "packageId": "NCPI-FHIR-Study-Summary-IG",
  "license": "CC0-1.0",
  "fhirVersion": [
    "4.0.1"
  ],
  "dependsOn": [
    {
      "id": "hl7_fhir_us_core",
      "uri": "http://hl7.org/fhir/us/core/ImplementationGuide/hl7.fhir.us.core",
      "packageId": "hl7.fhir.us.core",
      "version": "3.1.1"
    }
  ],
  "definition": {
    "extension": [
      {
        "extension": [
          {
            "url": "code",
            "valueString": "copyrightyear"
          },
          {
            "url": "value",
            "valueString": "2021+"
          }
        ],
        "url": "http://hl7.org/fhir/tools/StructureDefinition/ig-parameter"
      },
      {
        "extension": [
          {
            "url": "code",
            "valueString": "releaselabel"
          },
          {
            "url": "value",
            "valueString": "ci-build"
          }
        ],
        "url": "http://hl7.org/fhir/tools/StructureDefinition/ig-parameter"
      },
      {
        "extension": [
          {
            "url": "code",
            "valueString": "path-liquid"
          },
          {
            "url": "value",
            "valueString": "template/liquid"
          }
        ],
        "url": "http://hl7.org/fhir/tools/StructureDefinition/ig-parameter"
      },
      {
        "extension": [
          {
            "url": "code",
            "valueString": "path-liquid"
          },
          {
            "url": "value",
            "valueString": "input/liquid"
          }
        ],
        "url": "http://hl7.org/fhir/tools/StructureDefinition/ig-parameter"
      },
      {
        "extension": [
          {
            "url": "code",
            "valueString": "path-qa"
          },
          {
            "url": "value",
            "valueString": "temp/qa"
          }
        ],
        "url": "http://hl7.org/fhir/tools/StructureDefinition/ig-parameter"
      },
      {
        "extension": [
          {
            "url": "code",
            "valueString": "path-temp"
          },
          {
            "url": "value",
            "valueString": "temp/pages"
          }
        ],
        "url": "http://hl7.org/fhir/tools/StructureDefinition/ig-parameter"
      },
      {
        "extension": [
          {
            "url": "code",
            "valueString": "path-output"
          },
          {
            "url": "value",
            "valueString": "output"
          }
        ],
        "url": "http://hl7.org/fhir/tools/StructureDefinition/ig-parameter"
      },
      {
        "extension": [
          {
            "url": "code",
            "valueString": "path-suppressed-warnings"
          },
          {
            "url": "value",
            "valueString": "input/ignoreWarnings.txt"
          }
        ],
        "url": "http://hl7.org/fhir/tools/StructureDefinition/ig-parameter"
      },
      {
        "extension": [
          {
            "url": "code",
            "valueString": "path-history"
          },
          {
            "url": "value",
            "valueString": "https://ncpi-fhir.github.io/ncpi-fhir-study-summary-ig/history.html"
          }
        ],
        "url": "http://hl7.org/fhir/tools/StructureDefinition/ig-parameter"
      },
      {
        "extension": [
          {
            "url": "code",
            "valueString": "template-html"
          },
          {
            "url": "value",
            "valueString": "template-page.html"
          }
        ],
        "url": "http://hl7.org/fhir/tools/StructureDefinition/ig-parameter"
      },
      {
        "extension": [
          {
            "url": "code",
            "valueString": "template-md"
          },
          {
            "url": "value",
            "valueString": "template-page-md.html"
          }
        ],
        "url": "http://hl7.org/fhir/tools/StructureDefinition/ig-parameter"
      },
      {
        "extension": [
          {
            "url": "code",
            "valueString": "apply-contact"
          },
          {
            "url": "value",
            "valueString": "true"
          }
        ],
        "url": "http://hl7.org/fhir/tools/StructureDefinition/ig-parameter"
      },
      {
        "extension": [
          {
            "url": "code",
            "valueString": "apply-context"
          },
          {
            "url": "value",
            "valueString": "true"
          }
        ],
        "url": "http://hl7.org/fhir/tools/StructureDefinition/ig-parameter"
      },
      {
        "extension": [
          {
            "url": "code",
            "valueString": "apply-copyright"
          },
          {
            "url": "value",
            "valueString": "true"
          }
        ],
        "url": "http://hl7.org/fhir/tools/StructureDefinition/ig-parameter"
      },
      {
        "extension": [
          {
            "url": "code",
            "valueString": "apply-jurisdiction"
          },
          {
            "url": "value",
            "valueString": "true"
          }
        ],
        "url": "http://hl7.org/fhir/tools/StructureDefinition/ig-parameter"
      },
      {
        "extension": [
          {
            "url": "code",
            "valueString": "apply-license"
          },
          {
            "url": "value",
            "valueString": "true"
          }
        ],
        "url": "http://hl7.org/fhir/tools/StructureDefinition/ig-parameter"
      },
      {
        "extension": [
          {
            "url": "code",
            "valueString": "apply-publisher"
          },
          {
            "url": "value",
            "valueString": "true"
          }
        ],
        "url": "http://hl7.org/fhir/tools/StructureDefinition/ig-parameter"
      },
      {
        "extension": [
          {
            "url": "code",
            "valueString": "apply-version"
          },
          {
            "url": "value",
            "valueString": "true"
          }
        ],
        "url": "http://hl7.org/fhir/tools/StructureDefinition/ig-parameter"
      },
      {
        "extension": [
          {
            "url": "code",
            "valueString": "active-tables"
          },
          {
            "url": "value",
            "valueString": "true"
          }
        ],
        "url": "http://hl7.org/fhir/tools/StructureDefinition/ig-parameter"
      },
      {
        "extension": [
          {
            "url": "code",
            "valueString": "fmm-definition"
          },
          {
            "url": "value",
            "valueString": "http://hl7.org/fhir/versions.html#maturity"
          }
        ],
        "url": "http://hl7.org/fhir/tools/StructureDefinition/ig-parameter"
      },
      {
        "extension": [
          {
            "url": "code",
            "valueString": "propagate-status"
          },
          {
            "url": "value",
            "valueString": "true"
          }
        ],
        "url": "http://hl7.org/fhir/tools/StructureDefinition/ig-parameter"
      },
      {
        "extension": [
          {
            "url": "code",
            "valueString": "excludelogbinaryformat"
          },
          {
            "url": "value",
            "valueString": "true"
          }
        ],
        "url": "http://hl7.org/fhir/tools/StructureDefinition/ig-parameter"
      }
    ],
    "resource": [
      {
        "extension": [
          {
            "url": "http://hl7.org/fhir/tools/StructureDefinition/resource-information",
            "valueString": "StructureDefinition:resource"
          }
        ],
        "reference": {
          "reference": "StructureDefinition/study-dd-table"
        },
        "name": "NCPI Study DD Data Table",
        "description": "Aggregates Variable Details associated with a single dataset table that are represented in FHIR",
        "exampleBoolean": false
      },
      {
        "extension": [
          {
            "url": "http://hl7.org/fhir/tools/StructureDefinition/resource-information",
            "valueString": "StructureDefinition:resource"
          }
        ],
        "reference": {
          "reference": "StructureDefinition/study-dd-variable"
        },
        "name": "NCPI Study DD Data Variable",
        "description": "Describes a single variable from the dataset",
        "exampleBoolean": false
      },
      {
        "extension": [
          {
            "url": "http://hl7.org/fhir/tools/StructureDefinition/resource-information",
            "valueString": "StructureDefinition:resource"
          }
        ],
        "reference": {
          "reference": "StructureDefinition/study-summary"
        },
        "name": "Study Summary",
        "description": "An observation containing summary data associated with research data from FHIR\n\nThe code _MUST_ indicate that it is a summary and the subject _MUST_ point to the group of \nparticipants if the summary doesn't pertain to the entire study. \n\nThe StudySummary _MUST_ reference a study in the focus. \n\n\n",
        "exampleBoolean": false
      },
      {
        "extension": [
          {
            "url": "http://hl7.org/fhir/tools/StructureDefinition/resource-information",
            "valueString": "StructureDefinition:resource"
          }
        ],
        "reference": {
          "reference": "StructureDefinition/variable-summary"
        },
        "name": "Variable Summary",
        "description": "An observation containing summary data associated with research data from FHIR\n\nThe code _MUST_ indicate that it is a summary and the subject _MUST_ point to the group of \nparticipants to which the observation is based on.\n",
        "exampleBoolean": false
      },
      {
        "extension": [
          {
            "url": "http://hl7.org/fhir/tools/StructureDefinition/resource-information",
            "valueString": "ValueSet"
          }
        ],
        "reference": {
          "reference": "ValueSet/example-case-control-vs-1"
        },
        "name": "Case/Control Vars for 'status' categoricals",
        "description": "Example Case/Control values",
        "exampleBoolean": false
      },
      {
        "extension": [
          {
            "url": "http://hl7.org/fhir/tools/StructureDefinition/resource-information",
            "valueString": "ValueSet"
          }
        ],
        "reference": {
          "reference": "ValueSet/datatable-mappings-valueset-1"
        },
        "name": "Harmonized ValueSet for data table",
        "description": "Public codes mapped from example dataset\n\nThe codes used below were chosen purely for example's sake and are in no way an endorsement or suggestion for terms that should be used in a real data-dictionary.",
        "exampleBoolean": false
      },
      {
        "extension": [
          {
            "url": "http://hl7.org/fhir/tools/StructureDefinition/resource-information",
            "valueString": "ValueSet"
          }
        ],
        "reference": {
          "reference": "ValueSet/datatable-valueset-1"
        },
        "name": "Table ValueSet",
        "description": "Example Data Table with 4 variables",
        "exampleBoolean": false
      },
      {
        "extension": [
          {
            "url": "http://hl7.org/fhir/tools/StructureDefinition/resource-information",
            "valueString": "CodeSystem"
          }
        ],
        "reference": {
          "reference": "CodeSystem/dataset-codesystem-1"
        },
        "name": "Dataset CodeSystem (lists all tables)",
        "description": "Example Dataset with 1 table and 4 variables",
        "exampleBoolean": false
      },
      {
        "extension": [
          {
            "url": "http://hl7.org/fhir/tools/StructureDefinition/resource-information",
            "valueString": "CodeSystem"
          }
        ],
        "reference": {
          "reference": "CodeSystem/datatable-codesystem-1"
        },
        "name": "Datatable CodeSystem (lists all variables)",
        "description": "Example Data Table with 4 variables",
        "exampleBoolean": false
      },
      {
        "extension": [
          {
            "url": "http://hl7.org/fhir/tools/StructureDefinition/resource-information",
            "valueString": "CodeSystem"
          }
        ],
        "reference": {
          "reference": "CodeSystem/ncpi"
        },
        "name": "NCPI FHIR Codes",
        "description": "Codes that would apply to NCPI projects",
        "exampleBoolean": false
      },
      {
        "extension": [
          {
            "url": "http://hl7.org/fhir/tools/StructureDefinition/resource-information",
            "valueString": "Observation"
          }
        ],
        "reference": {
          "reference": "Observation/anvil-summary-cmg"
        },
        "name": "Summary detail for Center for Mendelian Genomics",
        "description": "Summary detail for Center for Mendelian Genomics",
        "exampleCanonical": "https://ncpi-fhir.github.io/ncpi-fhir-study-summary-ig/StructureDefinition/study-summary"
      },
      {
        "extension": [
          {
            "url": "http://hl7.org/fhir/tools/StructureDefinition/resource-information",
            "valueString": "Observation"
          }
        ],
        "reference": {
          "reference": "Observation/anvil-summary-phs000711"
        },
        "name": "Baylor Hopkins Center for Mendelian Genomics (BH CMG)",
        "description": "Baylor Hopkins Center for Mendelian Genomics (BH CMG)",
        "exampleCanonical": "https://ncpi-fhir.github.io/ncpi-fhir-study-summary-ig/StructureDefinition/study-summary"
      },
      {
        "extension": [
          {
            "url": "http://hl7.org/fhir/tools/StructureDefinition/resource-information",
            "valueString": "Condition"
          }
        ],
        "reference": {
          "reference": "Condition/example-rl-condition-1"
        },
        "name": "Example row-level Condition linking back to variable from DD",
        "description": "This is an example of linking an otherwise standard FHIR Condition back to it's source variable using the value's Code as one of the code.codings",
        "exampleBoolean": true
      },
      {
        "extension": [
          {
            "url": "http://hl7.org/fhir/tools/StructureDefinition/resource-information",
            "valueString": "Observation"
          }
        ],
        "reference": {
          "reference": "Observation/example-rl-observation-1"
        },
        "name": "Example row-level Observation linking back to variable from the DD",
        "description": "This is an otherwise ordinary Observation except for a few extra bits linking the observation back to its variable from the data-dictionary. In addition to a meaningful public term for the code, we can also provide the code associated with the variable in which the data was found. More importantly, we can directly link the observation back to the ObservationDefinition if the focus isn't otherwise needed.",
        "exampleBoolean": true
      },
      {
        "extension": [
          {
            "url": "http://hl7.org/fhir/tools/StructureDefinition/resource-information",
            "valueString": "ConceptMap"
          }
        ],
        "reference": {
          "reference": "ConceptMap/example-study-dd-conceptmap-1"
        },
        "name": "Concept Map showing representing harmonization mappings",
        "description": "Data Harmonization for example dataset",
        "exampleBoolean": true
      },
      {
        "extension": [
          {
            "url": "http://hl7.org/fhir/tools/StructureDefinition/resource-information",
            "valueString": "ActivityDefinition"
          }
        ],
        "reference": {
          "reference": "ActivityDefinition/example-study-dd-table-1"
        },
        "name": "Data-Dictionary Table",
        "description": "Example Data Table definition",
        "exampleCanonical": "https://ncpi-fhir.github.io/ncpi-fhir-study-summary-ig/StructureDefinition/study-dd-table"
      },
      {
        "extension": [
          {
            "url": "http://hl7.org/fhir/tools/StructureDefinition/resource-information",
            "valueString": "ObservationDefinition"
          }
        ],
        "reference": {
          "reference": "ObservationDefinition/example-study-dd-variable-1-1"
        },
        "name": "DD Variable subjectid",
        "description": "Participant's Unique Identifier (example of simple variable)",
        "exampleCanonical": "https://ncpi-fhir.github.io/ncpi-fhir-study-summary-ig/StructureDefinition/study-dd-variable"
      },
      {
        "extension": [
          {
            "url": "http://hl7.org/fhir/tools/StructureDefinition/resource-information",
            "valueString": "ObservationDefinition"
          }
        ],
        "reference": {
          "reference": "ObservationDefinition/example-study-dd-variable-1-2"
        },
        "name": "DD Variable gender",
        "description": "Subject's gender",
        "exampleCanonical": "https://ncpi-fhir.github.io/ncpi-fhir-study-summary-ig/StructureDefinition/study-dd-variable"
      },
      {
        "extension": [
          {
            "url": "http://hl7.org/fhir/tools/StructureDefinition/resource-information",
            "valueString": "ObservationDefinition"
          }
        ],
        "reference": {
          "reference": "ObservationDefinition/example-study-dd-variable-1-3"
        },
        "name": "DD Variable age_at_enrollment",
        "description": "Subject's Age at Enrollment (Example with a range of 30-40 years of age)",
        "exampleCanonical": "https://ncpi-fhir.github.io/ncpi-fhir-study-summary-ig/StructureDefinition/study-dd-variable"
      },
      {
        "extension": [
          {
            "url": "http://hl7.org/fhir/tools/StructureDefinition/resource-information",
            "valueString": "ObservationDefinition"
          }
        ],
        "reference": {
          "reference": "ObservationDefinition/example-study-dd-variable-1-4"
        },
        "name": "DD Variable bmi",
        "description": "Subject's BMI at Enrollment",
        "exampleCanonical": "https://ncpi-fhir.github.io/ncpi-fhir-study-summary-ig/StructureDefinition/study-dd-variable"
      },
      {
        "extension": [
          {
            "url": "http://hl7.org/fhir/tools/StructureDefinition/resource-information",
            "valueString": "ObservationDefinition"
          }
        ],
        "reference": {
          "reference": "ObservationDefinition/example-study-dd-variable-1-5"
        },
        "name": "DD Variable status",
        "description": "Subject's Case/Control Status",
        "exampleCanonical": "https://ncpi-fhir.github.io/ncpi-fhir-study-summary-ig/StructureDefinition/study-dd-variable"
      },
      {
        "extension": [
          {
            "url": "http://hl7.org/fhir/tools/StructureDefinition/resource-information",
            "valueString": "Patient"
          }
        ],
        "reference": {
          "reference": "Patient/example-sum-patient-1"
        },
        "name": "Example Patient 1",
        "description": "A Patient with a small number of observations",
        "exampleBoolean": true
      },
      {
        "extension": [
          {
            "url": "http://hl7.org/fhir/tools/StructureDefinition/resource-information",
            "valueString": "Patient"
          }
        ],
        "reference": {
          "reference": "Patient/example-sum-patient-2"
        },
        "name": "Example Patient 2",
        "description": "A Patient with no observations...just for group example",
        "exampleBoolean": true
      },
      {
        "extension": [
          {
            "url": "http://hl7.org/fhir/tools/StructureDefinition/resource-information",
            "valueString": "Patient"
          }
        ],
        "reference": {
          "reference": "Patient/example-sum-patient-3"
        },
        "name": "Example Patient 3",
        "description": "A Patient with no observations...just for group example",
        "exampleBoolean": true
      },
      {
        "extension": [
          {
            "url": "http://hl7.org/fhir/tools/StructureDefinition/resource-information",
            "valueString": "Patient"
          }
        ],
        "reference": {
          "reference": "Patient/example-sum-patient-4"
        },
        "name": "Example Patient 4",
        "description": "A Patient with no observations...just for group example",
        "exampleBoolean": true
      },
      {
        "extension": [
          {
            "url": "http://hl7.org/fhir/tools/StructureDefinition/resource-information",
            "valueString": "Observation"
          }
        ],
        "reference": {
          "reference": "Observation/example-summary-gender"
        },
        "name": "Example Variable Summary with categories (gender)",
        "description": "Simple example of a VariableSummary using components to capture counts of different categories (male, female and missing)",
        "exampleCanonical": "https://ncpi-fhir.github.io/ncpi-fhir-study-summary-ig/StructureDefinition/variable-summary"
      },
      {
        "extension": [
          {
            "url": "http://hl7.org/fhir/tools/StructureDefinition/resource-information",
            "valueString": "Group"
          }
        ],
        "reference": {
          "reference": "Group/example-summary-group-1"
        },
        "name": "Example Group for Summary Results",
        "description": "We only have a single patient",
        "exampleBoolean": true
      },
      {
        "extension": [
          {
            "url": "http://hl7.org/fhir/tools/StructureDefinition/resource-information",
            "valueString": "ResearchStudy"
          }
        ],
        "reference": {
          "reference": "ResearchStudy/research-study-cmg"
        },
        "name": "Center for Mendelian Genomics (CMG)",
        "description": "Center for Mendelian Genomics (CMG) - An example of a Multi-Center Study",
        "exampleBoolean": true
      },
      {
        "extension": [
          {
            "url": "http://hl7.org/fhir/tools/StructureDefinition/resource-information",
            "valueString": "ResearchStudy"
          }
        ],
        "reference": {
          "reference": "ResearchStudy/research-study-phs000711"
        },
        "name": "Baylor Hopkings Center CMG",
        "description": "Baylor Hopkins Center for Mendelian Genomics (BH CMG) - Example Research Study representing a Specific study under the CMG umbrella",
        "exampleBoolean": true
      }
    ],
    "page": {
      "nameUrl": "toc.html",
      "title": "Table of Contents",
      "generation": "html",
      "page": [
        {
          "nameUrl": "index.html",
          "title": "Home",
          "generation": "markdown"
        },
        {
          "nameUrl": "data-dictionary.html",
          "title": "Data Dictionary",
          "generation": "markdown"
        },
        {
          "nameUrl": "downloads.html",
          "title": "Downloads",
          "generation": "markdown"
        },
        {
          "nameUrl": "harmonization.html",
          "title": "Harmonization",
          "generation": "markdown"
        },
        {
          "nameUrl": "row_level_data.html",
          "title": "Row Level Data",
          "generation": "markdown"
        },
        {
          "nameUrl": "StructureDefinition-study-dd-variable-note.html",
          "title": "Structure Definition Study Dd Variable Note",
          "generation": "markdown"
        },
        {
          "nameUrl": "summary_data.html",
          "title": "Summary Data",
          "generation": "markdown"
        }
      ]
    },
    "parameter": [
      {
        "code": "path-resource",
        "value": "input/capabilities"
      },
      {
        "code": "path-resource",
        "value": "input/examples"
      },
      {
        "code": "path-resource",
        "value": "input/extensions"
      },
      {
        "code": "path-resource",
        "value": "input/models"
      },
      {
        "code": "path-resource",
        "value": "input/operations"
      },
      {
        "code": "path-resource",
        "value": "input/profiles"
      },
      {
        "code": "path-resource",
        "value": "input/resources"
      },
      {
        "code": "path-resource",
        "value": "input/vocabulary"
      },
      {
        "code": "path-resource",
        "value": "input/maps"
      },
      {
        "code": "path-resource",
        "value": "input/testing"
      },
      {
        "code": "path-resource",
        "value": "input/history"
      },
      {
        "code": "path-resource",
        "value": "fsh-generated/resources"
      },
      {
        "code": "path-pages",
        "value": "template/config"
      },
      {
        "code": "path-pages",
        "value": "input/images"
      },
      {
        "code": "path-tx-cache",
        "value": "input-cache/txcache"
      }
    ]
  }
}