{
  "package": "NCPI-FHIR-Study-Summary-IG",
  "version": "0.1.0",
  "fhirVersion": "4.0.1",
  "extensions": [],
  "profiles": {
    "ActivityDefinition": [
      {
        "url": "https://ncpi-fhir.github.io/ncpi-fhir-study-summary-ig/StructureDefinition/study-dd-table",
        "title": "NCPI Study DD Data Table"
      }
    ],
    "ObservationDefinition": [
      {
        "url": "https://ncpi-fhir.github.io/ncpi-fhir-study-summary-ig/StructureDefinition/study-dd-variable",
        "title": "NCPI Study DD Data Variable"
      }
    ],
    "Observation": [
      {
        "url": "https://ncpi-fhir.github.io/ncpi-fhir-study-summary-ig/StructureDefinition/study-summary",
        "title": "Study Summary"
      },
      {
        "url": "https://ncpi-fhir.github.io/ncpi-fhir-study-summary-ig/StructureDefinition/variable-summary",
        "title": "Variable Summary"
      }
    ]
  },
  "usage": {
    "http://hl7.org/fhir/StructureDefinition/elementdefinition-bestpractice": [
      "StructureDefinition.snapshot.element.constraint"
    ],
    "http://hl7.org/fhir/StructureDefinition/elementdefinition-bestpractice-explanation": [
      "StructureDefinition.snapshot.element.constraint"
    ],
    "http://hl7.org/fhir/StructureDefinition/elementdefinition-bindingName": [
      "StructureDefinition.snapshot.element.binding"
    ],
    "http://hl7.org/fhir/StructureDefinition/elementdefinition-isCommonBinding": [
      "StructureDefinition.snapshot.element.binding"
    ],
    "http://hl7.org/fhir/StructureDefinition/elementdefinition-maxValueSet": [
      "StructureDefinition.snapshot.element.binding"
    ],
    "http://hl7.org/fhir/StructureDefinition/elementdefinition-translatable": [
      "StructureDefinition.snapshot.element"
    ],
    "http://hl7.org/fhir/StructureDefinition/structuredefinition-category": [
      "StructureDefinition"
    ],
    "http://hl7.org/fhir/StructureDefinition/structuredefinition-display-hint": [
      "StructureDefinition.snapshot.element"
    ],
    "http://hl7.org/fhir/StructureDefinition/structuredefinition-fhir-type": [
      "StructureDefinition.snapshot.element.type"
    ],
    "http://hl7.org/fhir/StructureDefinition/structuredefinition-security-category": [
      "StructureDefinition"
    ],
    "http://hl7.org/fhir/StructureDefinition/structuredefinition-standards-status": [
      "StructureDefinition.snapshot.element"
    ],
    "http://hl7.org/fhir/tools/StructureDefinition/ig-parameter": [
      "ImplementationGuide.definition"
    ],
    "http://hl7.org/fhir/tools/StructureDefinition/resource-information": [
      "ImplementationGuide.definition.resource"
    ]
  }
}