<?xml version="1.0" encoding="UTF-8"?>

<ValueSet xmlns="http://hl7.org/fhir">
  <id value="example-case-control-vs-1"/>
  <text>
    <status value="generated"/><div xmlns="http://www.w3.org/1999/xhtml"><ul><li>Include these codes as defined in <code>https://uts.nlm.nih.gov/uts/umls</code><table class="none"><tr><td style="white-space:nowrap"><b>Code</b></td><td><b>Display</b></td></tr><tr><td>C99269</td><td>Case</td></tr><tr><td>C99270</td><td>Control</td></tr></table></li></ul></div>
  </text>
  <url value="https://ncpi-fhir.github.io/ncpi-fhir-study-summary-ig/ValueSet/example-case-control-vs-1"/>
  <version value="0.1.0"/>
  <name value="ExampleCaseControlVS1"/>
  <title value="Case/Control Vars for 'status' categoricals"/>
  <status value="draft"/>
  <date value="2022-04-08T19:04:52+00:00"/>
  <publisher value="NCPI FHIR Working Group"/>
  <contact>
    <name value="NCPI FHIR Working Group"/>
    <telecom>
      <system value="url"/>
      <value value="https://github.com/include-dcc"/>
    </telecom>
  </contact>
  <contact>
    <name value="Eric Torstenson"/>
    <telecom>
      <system value="email"/>
      <value value="eric.s.torstenson@vumc.org"/>
      <use value="work"/>
    </telecom>
  </contact>
  <description value="Example Case/Control values"/>
  <compose>
    <include>
      <system value="https://uts.nlm.nih.gov/uts/umls"/>
      <concept>
        <code value="C99269"/>
        <display value="Case"/>
      </concept>
      <concept>
        <code value="C99270"/>
        <display value="Control"/>
      </concept>
    </include>
  </compose>
</ValueSet>