{"resourceType":"ActivityDefinition","id":"example-study-dd-table-1","meta":{"profile":["https://ncpi-fhir.github.io/ncpi-fhir-study-summary-ig/StructureDefinition/study-dd-table"]},"url":"https://ncpi-fhir.github.io/ncpi-fhir-study-summary-ig/ActivityDefinition/example-study-dd-table-1","version":"0.1.0","status":"active","date":"2022-04-07T22:04:54+00:00","publisher":"NCPI FHIR Working Group","contact":[{"name":"NCPI FHIR Working Group","telecom":[{"system":"url","value":"https://github.com/include-dcc"}]},{"name":"Eric Torstenson","telecom":[{"system":"email","value":"eric.s.torstenson@vumc.org","use":"work"}]}],"topic":[{"coding":[{"system":"https://uts.nlm.nih.gov/uts/umls","code":"C0035168","display":"Research"}]}],"code":{"coding":[{"system":"http://example.org/my-dataset/fhir/codesystem/dataset","code":"demographics","display":"Demographic data"}]},"observationResultRequirement":[{"reference":"ObservationDefinition/example-study-dd-variable-1-1"},{"reference":"ObservationDefinition/example-study-dd-variable-1-2"},{"reference":"ObservationDefinition/example-study-dd-variable-1-3"},{"reference":"ObservationDefinition/example-study-dd-variable-1-4"}]}