{"resourceType":"ValueSet","id":"example-case-control-vs-1","text":{"status":"generated","div":"<div xmlns=\"http://www.w3.org/1999/xhtml\"><ul><li>Include these codes as defined in <code>https://uts.nlm.nih.gov/uts/umls</code><table class=\"none\"><tr><td style=\"white-space:nowrap\"><b>Code</b></td><td><b>Display</b></td></tr><tr><td>C99269</td><td>Case</td></tr><tr><td>C99270</td><td>Control</td></tr></table></li></ul></div>"},"url":"https://ncpi-fhir.github.io/ncpi-fhir-study-summary-ig/ValueSet/example-case-control-vs-1","version":"0.1.0","name":"ExampleCaseControlVS1","title":"Case/Control Vars for 'status' categoricals","status":"draft","date":"2022-04-08T19:05:18+00:00","publisher":"NCPI FHIR Working Group","contact":[{"name":"NCPI FHIR Working Group","telecom":[{"system":"url","value":"https://github.com/include-dcc"}]},{"name":"Eric Torstenson","telecom":[{"system":"email","value":"eric.s.torstenson@vumc.org","use":"work"}]}],"description":"Example Case/Control values","compose":{"include":[{"system":"https://uts.nlm.nih.gov/uts/umls","concept":[{"code":"C99269","display":"Case"},{"code":"C99270","display":"Control"}]}]}}