{
  "resourceType": "CodeSystem",
  "id": "datatable-codesystem-1",
  "text": {
    "status": "generated",
    "div": "<div xmlns=\"http://www.w3.org/1999/xhtml\"><p>This code system http://example.org/my-dataset/fhir/codesystem/demographics-table defines the following codes:</p><table class=\"codes\"><tr><td style=\"white-space:nowrap\"><b>Code</b></td><td><b>Display</b></td></tr><tr><td style=\"white-space:nowrap\">subjectid<a name=\"datatable-codesystem-1-subjectid\"> </a></td><td>Subject's Unique Identifier</td></tr><tr><td style=\"white-space:nowrap\">gender<a name=\"datatable-codesystem-1-gender\"> </a></td><td>Gender</td></tr><tr><td style=\"white-space:nowrap\">age_at_enrollment<a name=\"datatable-codesystem-1-age_at_enrollment\"> </a></td><td>Subject's Age at Enrollment in days</td></tr><tr><td style=\"white-space:nowrap\">bmi<a name=\"datatable-codesystem-1-bmi\"> </a></td><td>Subject's BMI, Measured at Enrollment</td></tr><tr><td style=\"white-space:nowrap\">status<a name=\"datatable-codesystem-1-status\"> </a></td><td>Subject's status (Case or Control)</td></tr></table></div>"
  },
  "url": "http://example.org/my-dataset/fhir/codesystem/demographics-table",
  "version": "0.1.0",
  "name": "ExampleStudyTableCS1",
  "title": "Datatable CodeSystem (lists all variables)",
  "status": "active",
  "date": "2022-04-26T22:45:35+00:00",
  "publisher": "NCPI FHIR Working Group",
  "contact": [
    {
      "name": "NCPI FHIR Working Group",
      "telecom": [
        {
          "system": "url",
          "value": "https://github.com/include-dcc"
        }
      ]
    },
    {
      "name": "Eric Torstenson",
      "telecom": [
        {
          "system": "email",
          "value": "eric.s.torstenson@vumc.org",
          "use": "work"
        }
      ]
    }
  ],
  "description": "Example Data Table with 4 variables",
  "content": "complete",
  "count": 5,
  "concept": [
    {
      "code": "subjectid",
      "display": "Subject's Unique Identifier"
    },
    {
      "code": "gender",
      "display": "Gender"
    },
    {
      "code": "age_at_enrollment",
      "display": "Subject's Age at Enrollment in days"
    },
    {
      "code": "bmi",
      "display": "Subject's BMI, Measured at Enrollment"
    },
    {
      "code": "status",
      "display": "Subject's status (Case or Control)"
    }
  ]
}