{
  "resourceType": "ConceptMap",
  "id": "example-study-dd-conceptmap-1",
  "meta": {
    "profile": [
      "https://ncpi-fhir.github.io/ncpi-fhir-study-summary-ig/StructureDefinition/harmonization-map"
    ]
  },
  "text": {
    "status": "extensions",
    "div": "<div xmlns=\"http://www.w3.org/1999/xhtml\"><h2>null (http://example.org/my-dataset/fhir/conceptmap/data-to-public)</h2><p>Mapping from <a href=\"ValueSet-datatable-valueset-1.html\">http://example.org/my-dataset/fhir/valueset/demographics-table</a> to <a href=\"ValueSet-datatable-mappings-valueset-1.html\">http://example.org/my-dataset/fhir/valueset/mappings</a></p><p>ACTIVE. Published on 2022-04-26 10:45:45+0000 by NCPI FHIR Working Group (NCPI FHIR Working Group: <a href=\"https://github.com/include-dcc\">https://github.com/include-dcc</a>, Eric Torstenson: <a href=\"mailto:eric.s.torstenson@vumc.org\">eric.s.torstenson@vumc.org</a>). </p><br/><table class=\"grid\"><tr><td><b>Source Code</b></td><td><b>Relationship</b></td><td><b>Destination Code</b></td></tr><tr><td colspan=\"3\">Mapping from <a href=\"CodeSystem-datatable-codesystem-1.html\">Datatable CodeSystem (lists all variables)</a> to <code>https://uts.nlm.nih.gov/uts/umls</code></td></tr><tr><td>subjectid (Subject's Unique Identifier)</td><td><a href=\"http://hl7.org/fhir/R4/codesystem-concept-map-equivalence.html#equivalent\">is equivalent to</a></td><td>C2348584 (Subject Unique Identifier)</td></tr><tr><td>gender</td><td><a href=\"http://hl7.org/fhir/R4/codesystem-concept-map-equivalence.html#equivalent\">is equivalent to</a></td><td>C0079399 (Gender)</td></tr><tr><td>age_at_enrollment (Subject's Age at Enrollment in days)</td><td><a href=\"http://hl7.org/fhir/R4/codesystem-concept-map-equivalence.html#equivalent\">is equivalent to</a></td><td>C168843 (Age in Days at Enrollment)</td></tr><tr><td>bmi (Subject's BMI, Measured at Enrollment)</td><td><a href=\"http://hl7.org/fhir/R4/codesystem-concept-map-equivalence.html#wider\">maps to wider concept</a></td><td>C1305855 (Body mass index)</td></tr><tr><td>status (Subject's status (Case or Control))</td><td><a href=\"http://hl7.org/fhir/R4/codesystem-concept-map-equivalence.html#equivalent\">is equivalent to</a></td><td>C0872128 (case control)</td></tr></table><table class=\"grid\"><tr><td><b>Source Code</b></td><td><b>Relationship</b></td><td><b>Destination Code</b></td></tr><tr><td colspan=\"3\">Mapping from <a href=\"CodeSystem-datatable-codesystem-1.html\">Datatable CodeSystem (lists all variables)</a> to <a href=\"http://terminology.hl7.org/3.1.0/CodeSystem-v3-loinc.html\">Logical Observation Identifiers, Names and Codes (LOINC)</a></td></tr><tr><td>bmi (Subject's BMI, Measured at Enrollment)</td><td><a href=\"http://hl7.org/fhir/R4/codesystem-concept-map-equivalence.html#wider\">maps to wider concept</a></td><td>LP35925-4 (Body mass index (BMI))</td></tr></table><table class=\"grid\"><tr><td><b>Source Code</b></td><td><b>Relationship</b></td><td><b>Destination Code</b></td></tr><tr><td colspan=\"3\">Mapping from <a href=\"CodeSystem-datatable-codesystem-1.html\">Datatable CodeSystem (lists all variables)</a> to <code>http://purl.obolibrary.org/obo/hp.owl</code></td></tr><tr><td>status (Subject's status (Case or Control))</td><td><a href=\"http://hl7.org/fhir/R4/codesystem-concept-map-equivalence.html#equivalent\">is equivalent to</a></td><td>0010772 (Anomalous pulmonary venous return)</td></tr></table><table class=\"grid\"><tr><td colspan=\"2\"><b>Source Concept Details</b></td><td><b>Relationship</b></td><td colspan=\"2\"><b>Destination Concept Details</b></td></tr><tr><td colspan=\"2\"><b>Code</b> from <a href=\"CodeSystem-datatable-codesystem-1.html\" title=\"http://example.org/my-dataset/fhir/codesystem/demographics-table\">Datatable CodeSystem (lists all variables)</a></td><td/><td colspan=\"2\"><b>Code</b> from http://purl.obolibrary.org/obo/mondo.owl</td></tr><tr><td style=\"border-right-width: 0px; border-bottom-style: none\">status</td><td style=\"border-left-width: 0px; border-bottom-style: none\">Subject's status (Case or Control)</td><td><a href=\"http://hl7.org/fhir/R4/codesystem-concept-map-equivalence.html#equivalent\">is equivalent to</a></td><td style=\"border-right-width: 0px\">0017705</td><td style=\"border-left-width: 0px\">congenital pulmonary venous return anomaly</td></tr><tr><td style=\"border-right-width: 0px; border-top-style: none\"/><td style=\"border-top-style: none; border-left-width: 0px\"/><td><a href=\"http://hl7.org/fhir/R4/codesystem-concept-map-equivalence.html#equivalent\">is equivalent to</a></td><td style=\"border-right-width: 0px\">0007130</td><td style=\"border-left-width: 0px\">congenital total pulmonary venous return anomaly</td></tr></table></div>"
  },
  "url": "http://example.org/my-dataset/fhir/conceptmap/data-to-public",
  "version": "0.1.0",
  "status": "active",
  "date": "2022-04-26T22:45:45+00:00",
  "publisher": "NCPI FHIR Working Group",
  "contact": [
    {
      "name": "NCPI FHIR Working Group",
      "telecom": [
        {
          "system": "url",
          "value": "https://github.com/include-dcc"
        }
      ]
    },
    {
      "name": "Eric Torstenson",
      "telecom": [
        {
          "system": "email",
          "value": "eric.s.torstenson@vumc.org",
          "use": "work"
        }
      ]
    }
  ],
  "purpose": "Represent transformations to public codes applied during data ingestion",
  "sourceUri": "http://example.org/my-dataset/fhir/valueset/demographics-table",
  "targetUri": "http://example.org/my-dataset/fhir/valueset/mappings",
  "group": [
    {
      "source": "http://example.org/my-dataset/fhir/codesystem/demographics-table",
      "target": "https://uts.nlm.nih.gov/uts/umls",
      "element": [
        {
          "code": "subjectid",
          "display": "Subject's Unique Identifier",
          "target": [
            {
              "code": "C2348584",
              "display": "Subject Unique Identifier",
              "equivalence": "equivalent"
            }
          ]
        },
        {
          "code": "gender",
          "display": "Gender",
          "target": [
            {
              "code": "C0079399",
              "display": "Gender",
              "equivalence": "equivalent"
            }
          ]
        },
        {
          "code": "age_at_enrollment",
          "display": "Subject's Age at Enrollment in days",
          "target": [
            {
              "code": "C168843",
              "display": "Age in Days at Enrollment",
              "equivalence": "equivalent"
            }
          ]
        },
        {
          "code": "bmi",
          "display": "Subject's BMI, Measured at Enrollment",
          "target": [
            {
              "code": "C1305855",
              "display": "Body mass index",
              "equivalence": "wider"
            }
          ]
        },
        {
          "code": "status",
          "display": "Subject's status (Case or Control)",
          "target": [
            {
              "code": "C0872128",
              "display": "case control",
              "equivalence": "equivalent"
            }
          ]
        }
      ]
    },
    {
      "source": "http://example.org/my-dataset/fhir/codesystem/demographics-table",
      "target": "http://loinc.org",
      "element": [
        {
          "code": "bmi",
          "display": "Subject's BMI, Measured at Enrollment",
          "target": [
            {
              "code": "LP35925-4",
              "display": "Body mass index (BMI)",
              "equivalence": "wider"
            }
          ]
        }
      ]
    },
    {
      "source": "http://example.org/my-dataset/fhir/codesystem/demographics-table",
      "target": "http://purl.obolibrary.org/obo/hp.owl",
      "element": [
        {
          "code": "status",
          "display": "Subject's status (Case or Control)",
          "target": [
            {
              "code": "0010772",
              "display": "Anomalous pulmonary venous return",
              "equivalence": "equivalent"
            }
          ]
        }
      ]
    },
    {
      "source": "http://example.org/my-dataset/fhir/codesystem/demographics-table",
      "target": "http://purl.obolibrary.org/obo/mondo.owl",
      "element": [
        {
          "code": "status",
          "display": "Subject's status (Case or Control)",
          "target": [
            {
              "code": "0017705",
              "display": "congenital pulmonary venous return anomaly",
              "equivalence": "equivalent"
            },
            {
              "code": "0007130",
              "display": "congenital total pulmonary venous return anomaly",
              "equivalence": "equivalent"
            }
          ]
        }
      ]
    }
  ]
}